user_id,category,questions,score
generated-38f0f45f-96e5-44c8-a839-6cdeaf322610,Health,i choose foods because they keep me healthy,4
generated-38f0f45f-96e5-44c8-a839-6cdeaf322610,Weight Control,i choose foods that help me control my weight,4
generated-38f0f45f-96e5-44c8-a839-6cdeaf322610,Convenience,i choose foods that are convenient to prepare,4
generated-38f0f45f-96e5-44c8-a839-6cdeaf322610,Sensory Appeal,i choose foods for their taste,3
generated-38f0f45f-96e5-44c8-a839-6cdeaf322610,Natural Content,i choose foods for ecologicalsustainability reasons,3
generated-38f0f45f-96e5-44c8-a839-6cdeaf322610,Ethical Concern,i choose foods for ethical or religious reasons,4
generated-38f0f45f-96e5-44c8-a839-6cdeaf322610,Familiarity,i choose foods that are familiartraditional,4
generated-38f0f45f-96e5-44c8-a839-6cdeaf322610,Price,i choose foods based on price,4
generated-38f0f45f-96e5-44c8-a839-6cdeaf322610,Mood,i choose foods that improve my mood,3
generated-bcc18ede-9ebd-4f3f-9fae-b5cc34560979,Health,i choose foods because they keep me healthy,3
generated-bcc18ede-9ebd-4f3f-9fae-b5cc34560979,Weight Control,i choose foods that help me control my weight,Not very important
generated-bcc18ede-9ebd-4f3f-9fae-b5cc34560979,Convenience,i choose foods that are convenient to prepare,Not very important
generated-bcc18ede-9ebd-4f3f-9fae-b5cc34560979,Sensory Appeal,i choose foods for their taste,3
generated-bcc18ede-9ebd-4f3f-9fae-b5cc34560979,Natural Content,i choose foods for ecologicalsustainability reasons,3
generated-bcc18ede-9ebd-4f3f-9fae-b5cc34560979,Ethical Concern,i choose foods for ethical or religious reasons,Not at all important
generated-bcc18ede-9ebd-4f3f-9fae-b5cc34560979,Familiarity,i choose foods that are familiartraditional,Not very important
generated-bcc18ede-9ebd-4f3f-9fae-b5cc34560979,Price,i choose foods based on price,Not very important
generated-bcc18ede-9ebd-4f3f-9fae-b5cc34560979,Mood,i choose foods that improve my mood,Unimportant
generated-7bdc7b0c-9edf-4cff-a8b2-934b0134551f,Health,i choose foods because they keep me healthy,3
generated-7bdc7b0c-9edf-4cff-a8b2-934b0134551f,Weight Control,i choose foods that help me control my weight,3
generated-7bdc7b0c-9edf-4cff-a8b2-934b0134551f,Convenience,i choose foods that are convenient to prepare,3
generated-7bdc7b0c-9edf-4cff-a8b2-934b0134551f,Sensory Appeal,i choose foods for their taste,Not very important
generated-7bdc7b0c-9edf-4cff-a8b2-934b0134551f,Natural Content,i choose foods for ecologicalsustainability reasons,Not at all important
generated-7bdc7b0c-9edf-4cff-a8b2-934b0134551f,Ethical Concern,i choose foods for ethical or religious reasons,Not at all important
generated-7bdc7b0c-9edf-4cff-a8b2-934b0134551f,Familiarity,i choose foods that are familiartraditional,Not at all important
generated-7bdc7b0c-9edf-4cff-a8b2-934b0134551f,Price,i choose foods based on price,3
generated-7bdc7b0c-9edf-4cff-a8b2-934b0134551f,Mood,i choose foods that improve my mood,3
generated-05fc1532-ac76-4edb-ba8c-9995bf88d19c,Health,i choose foods because they keep me healthy,3
generated-05fc1532-ac76-4edb-ba8c-9995bf88d19c,Weight Control,i choose foods that help me control my weight,Not very important
generated-05fc1532-ac76-4edb-ba8c-9995bf88d19c,Convenience,i choose foods that are convenient to prepare,Not very important
generated-05fc1532-ac76-4edb-ba8c-9995bf88d19c,Sensory Appeal,i choose foods for their taste,Not very important
generated-05fc1532-ac76-4edb-ba8c-9995bf88d19c,Natural Content,i choose foods for ecologicalsustainability reasons,Not at all important
generated-05fc1532-ac76-4edb-ba8c-9995bf88d19c,Ethical Concern,i choose foods for ethical or religious reasons,Not at all important
generated-05fc1532-ac76-4edb-ba8c-9995bf88d19c,Familiarity,i choose foods that are familiartraditional,Not very important
generated-05fc1532-ac76-4edb-ba8c-9995bf88d19c,Price,i choose foods based on price,3
generated-05fc1532-ac76-4edb-ba8c-9995bf88d19c,Mood,i choose foods that improve my mood,3
generated-ebade550-0e51-4f47-b9d2-2899239d29a3,Health,i choose foods because they keep me healthy,4
generated-ebade550-0e51-4f47-b9d2-2899239d29a3,Weight Control,i choose foods that help me control my weight,3
generated-ebade550-0e51-4f47-b9d2-2899239d29a3,Convenience,i choose foods that are convenient to prepare,4
generated-ebade550-0e51-4f47-b9d2-2899239d29a3,Sensory Appeal,i choose foods for their taste,3
generated-ebade550-0e51-4f47-b9d2-2899239d29a3,Natural Content,i choose foods for ecologicalsustainability reasons,1
generated-ebade550-0e51-4f47-b9d2-2899239d29a3,Ethical Concern,i choose foods for ethical or religious reasons,1
generated-ebade550-0e51-4f47-b9d2-2899239d29a3,Familiarity,i choose foods that are familiartraditional,2
generated-ebade550-0e51-4f47-b9d2-2899239d29a3,Price,i choose foods based on price,1
generated-ebade550-0e51-4f47-b9d2-2899239d29a3,Mood,i choose foods that improve my mood,1
generated-7b933d8c-4907-44d9-8dcb-0981eba8b07d,Health,i choose foods because they keep me healthy,4
generated-7b933d8c-4907-44d9-8dcb-0981eba8b07d,Weight Control,i choose foods that help me control my weight,4
generated-7b933d8c-4907-44d9-8dcb-0981eba8b07d,Convenience,i choose foods that are convenient to prepare,3
generated-7b933d8c-4907-44d9-8dcb-0981eba8b07d,Sensory Appeal,i choose foods for their taste,3
generated-7b933d8c-4907-44d9-8dcb-0981eba8b07d,Natural Content,i choose foods for ecologicalsustainability reasons,3
generated-7b933d8c-4907-44d9-8dcb-0981eba8b07d,Ethical Concern,i choose foods for ethical or religious reasons,4
generated-7b933d8c-4907-44d9-8dcb-0981eba8b07d,Familiarity,i choose foods that are familiartraditional,3
generated-7b933d8c-4907-44d9-8dcb-0981eba8b07d,Price,i choose foods based on price,3
generated-7b933d8c-4907-44d9-8dcb-0981eba8b07d,Mood,i choose foods that improve my mood,2
generated-0472f99e-4029-4764-966e-644d0cc4a0ad,Health,i choose foods because they keep me healthy,Not very important
generated-0472f99e-4029-4764-966e-644d0cc4a0ad,Weight Control,i choose foods that help me control my weight,Not very important
generated-0472f99e-4029-4764-966e-644d0cc4a0ad,Convenience,i choose foods that are convenient to prepare,3
generated-0472f99e-4029-4764-966e-644d0cc4a0ad,Sensory Appeal,i choose foods for their taste,4
generated-0472f99e-4029-4764-966e-644d0cc4a0ad,Natural Content,i choose foods for ecologicalsustainability reasons,Not very important
generated-0472f99e-4029-4764-966e-644d0cc4a0ad,Ethical Concern,i choose foods for ethical or religious reasons,Not at all important
generated-0472f99e-4029-4764-966e-644d0cc4a0ad,Familiarity,i choose foods that are familiartraditional,Not very important
generated-0472f99e-4029-4764-966e-644d0cc4a0ad,Price,i choose foods based on price,3
generated-0472f99e-4029-4764-966e-644d0cc4a0ad,Mood,i choose foods that improve my mood,3
generated-1778d1bf-f138-4d31-a4af-43ffa5699df0,Health,i choose foods because they keep me healthy,4
generated-1778d1bf-f138-4d31-a4af-43ffa5699df0,Weight Control,i choose foods that help me control my weight,3
generated-1778d1bf-f138-4d31-a4af-43ffa5699df0,Convenience,i choose foods that are convenient to prepare,Not very important
generated-1778d1bf-f138-4d31-a4af-43ffa5699df0,Sensory Appeal,i choose foods for their taste,4
generated-1778d1bf-f138-4d31-a4af-43ffa5699df0,Natural Content,i choose foods for ecologicalsustainability reasons,Not very important
generated-1778d1bf-f138-4d31-a4af-43ffa5699df0,Ethical Concern,i choose foods for ethical or religious reasons,Not at all important
generated-1778d1bf-f138-4d31-a4af-43ffa5699df0,Familiarity,i choose foods that are familiartraditional,3
generated-1778d1bf-f138-4d31-a4af-43ffa5699df0,Price,i choose foods based on price,Not very important
generated-1778d1bf-f138-4d31-a4af-43ffa5699df0,Mood,i choose foods that improve my mood,4
generated-1b75bc75-a124-444a-a482-fb761969b2ac,Health,i choose foods because they keep me healthy,3
generated-1b75bc75-a124-444a-a482-fb761969b2ac,Weight Control,i choose foods that help me control my weight,3
generated-1b75bc75-a124-444a-a482-fb761969b2ac,Convenience,i choose foods that are convenient to prepare,3
generated-1b75bc75-a124-444a-a482-fb761969b2ac,Sensory Appeal,i choose foods for their taste,3
generated-1b75bc75-a124-444a-a482-fb761969b2ac,Natural Content,i choose foods for ecologicalsustainability reasons,Not at all important
generated-1b75bc75-a124-444a-a482-fb761969b2ac,Ethical Concern,i choose foods for ethical or religious reasons,Not at all important
generated-1b75bc75-a124-444a-a482-fb761969b2ac,Familiarity,i choose foods that are familiartraditional,Not at all important
generated-1b75bc75-a124-444a-a482-fb761969b2ac,Price,i choose foods based on price,Not at all important
generated-1b75bc75-a124-444a-a482-fb761969b2ac,Mood,i choose foods that improve my mood,Unimportant
generated-d363f2c2-d3e3-4303-ab23-02a53ad1c8c4,Health,i choose foods because they keep me healthy,2
generated-d363f2c2-d3e3-4303-ab23-02a53ad1c8c4,Weight Control,i choose foods that help me control my weight,1
generated-d363f2c2-d3e3-4303-ab23-02a53ad1c8c4,Convenience,i choose foods that are convenient to prepare,3
generated-d363f2c2-d3e3-4303-ab23-02a53ad1c8c4,Sensory Appeal,i choose foods for their taste,4
generated-d363f2c2-d3e3-4303-ab23-02a53ad1c8c4,Natural Content,i choose foods for ecologicalsustainability reasons,2
generated-d363f2c2-d3e3-4303-ab23-02a53ad1c8c4,Ethical Concern,i choose foods for ethical or religious reasons,1
generated-d363f2c2-d3e3-4303-ab23-02a53ad1c8c4,Familiarity,i choose foods that are familiartraditional,4
generated-d363f2c2-d3e3-4303-ab23-02a53ad1c8c4,Price,i choose foods based on price,3
generated-d363f2c2-d3e3-4303-ab23-02a53ad1c8c4,Mood,i choose foods that improve my mood,4
generated-2f1e7452-484d-4860-8c19-55ffdb57b8d7,Health,i choose foods because they keep me healthy,4
generated-2f1e7452-484d-4860-8c19-55ffdb57b8d7,Weight Control,i choose foods that help me control my weight,3
generated-2f1e7452-484d-4860-8c19-55ffdb57b8d7,Convenience,i choose foods that are convenient to prepare,Not very important
generated-2f1e7452-484d-4860-8c19-55ffdb57b8d7,Sensory Appeal,i choose foods for their taste,3
generated-2f1e7452-484d-4860-8c19-55ffdb57b8d7,Natural Content,i choose foods for ecologicalsustainability reasons,Not very important
generated-2f1e7452-484d-4860-8c19-55ffdb57b8d7,Ethical Concern,i choose foods for ethical or religious reasons,Not very important
generated-2f1e7452-484d-4860-8c19-55ffdb57b8d7,Familiarity,i choose foods that are familiartraditional,Not very important
generated-2f1e7452-484d-4860-8c19-55ffdb57b8d7,Price,i choose foods based on price,3
generated-2f1e7452-484d-4860-8c19-55ffdb57b8d7,Mood,i choose foods that improve my mood,Not at all important
generated-92280cc0-9721-4ba6-a67b-9d8aecc3e64a,Health,i choose foods because they keep me healthy,2
generated-92280cc0-9721-4ba6-a67b-9d8aecc3e64a,Weight Control,i choose foods that help me control my weight,2
generated-92280cc0-9721-4ba6-a67b-9d8aecc3e64a,Convenience,i choose foods that are convenient to prepare,3
generated-92280cc0-9721-4ba6-a67b-9d8aecc3e64a,Sensory Appeal,i choose foods for their taste,4
generated-92280cc0-9721-4ba6-a67b-9d8aecc3e64a,Natural Content,i choose foods for ecologicalsustainability reasons,3
generated-92280cc0-9721-4ba6-a67b-9d8aecc3e64a,Ethical Concern,i choose foods for ethical or religious reasons,1
generated-92280cc0-9721-4ba6-a67b-9d8aecc3e64a,Familiarity,i choose foods that are familiartraditional,2
generated-92280cc0-9721-4ba6-a67b-9d8aecc3e64a,Price,i choose foods based on price,3
generated-92280cc0-9721-4ba6-a67b-9d8aecc3e64a,Mood,i choose foods that improve my mood,3
generated-503b1cc8-8cae-4e13-9a72-6e1b45078a2b,Health,i choose foods because they keep me healthy,3
generated-503b1cc8-8cae-4e13-9a72-6e1b45078a2b,Weight Control,i choose foods that help me control my weight,2
generated-503b1cc8-8cae-4e13-9a72-6e1b45078a2b,Convenience,i choose foods that are convenient to prepare,3
generated-503b1cc8-8cae-4e13-9a72-6e1b45078a2b,Sensory Appeal,i choose foods for their taste,4
generated-503b1cc8-8cae-4e13-9a72-6e1b45078a2b,Natural Content,i choose foods for ecologicalsustainability reasons,4
generated-503b1cc8-8cae-4e13-9a72-6e1b45078a2b,Ethical Concern,i choose foods for ethical or religious reasons,3
generated-503b1cc8-8cae-4e13-9a72-6e1b45078a2b,Familiarity,i choose foods that are familiartraditional,Not very important
generated-503b1cc8-8cae-4e13-9a72-6e1b45078a2b,Price,i choose foods based on price,4
generated-503b1cc8-8cae-4e13-9a72-6e1b45078a2b,Mood,i choose foods that improve my mood,Not very important
generated-266d7b9a-0401-4093-8a56-3c57a3c7b738,Health,i choose foods because they keep me healthy,4
generated-266d7b9a-0401-4093-8a56-3c57a3c7b738,Weight Control,i choose foods that help me control my weight,4
generated-266d7b9a-0401-4093-8a56-3c57a3c7b738,Convenience,i choose foods that are convenient to prepare,4
generated-266d7b9a-0401-4093-8a56-3c57a3c7b738,Sensory Appeal,i choose foods for their taste,4
generated-266d7b9a-0401-4093-8a56-3c57a3c7b738,Natural Content,i choose foods for ecologicalsustainability reasons,Not at all important
generated-266d7b9a-0401-4093-8a56-3c57a3c7b738,Ethical Concern,i choose foods for ethical or religious reasons,Not at all important
generated-266d7b9a-0401-4093-8a56-3c57a3c7b738,Familiarity,i choose foods that are familiartraditional,Not at all important
generated-266d7b9a-0401-4093-8a56-3c57a3c7b738,Price,i choose foods based on price,3
generated-266d7b9a-0401-4093-8a56-3c57a3c7b738,Mood,i choose foods that improve my mood,Not at all important
generated-cba0eefb-360c-4666-8b30-af3762da3847,Health,i choose foods because they keep me healthy,2
generated-cba0eefb-360c-4666-8b30-af3762da3847,Weight Control,i choose foods that help me control my weight,1
generated-cba0eefb-360c-4666-8b30-af3762da3847,Convenience,i choose foods that are convenient to prepare,3
generated-cba0eefb-360c-4666-8b30-af3762da3847,Sensory Appeal,i choose foods for their taste,4
generated-cba0eefb-360c-4666-8b30-af3762da3847,Natural Content,i choose foods for ecologicalsustainability reasons,2
generated-cba0eefb-360c-4666-8b30-af3762da3847,Ethical Concern,i choose foods for ethical or religious reasons,1
generated-cba0eefb-360c-4666-8b30-af3762da3847,Familiarity,i choose foods that are familiartraditional,3
generated-cba0eefb-360c-4666-8b30-af3762da3847,Price,i choose foods based on price,2
generated-cba0eefb-360c-4666-8b30-af3762da3847,Mood,i choose foods that improve my mood,4
generated-f991180e-36b3-4282-a471-54e7253b2b6b,Health,i choose foods because they keep me healthy,3
generated-f991180e-36b3-4282-a471-54e7253b2b6b,Weight Control,i choose foods that help me control my weight,2
generated-f991180e-36b3-4282-a471-54e7253b2b6b,Convenience,i choose foods that are convenient to prepare,4
generated-f991180e-36b3-4282-a471-54e7253b2b6b,Sensory Appeal,i choose foods for their taste,4
generated-f991180e-36b3-4282-a471-54e7253b2b6b,Natural Content,i choose foods for ecologicalsustainability reasons,3
generated-f991180e-36b3-4282-a471-54e7253b2b6b,Ethical Concern,i choose foods for ethical or religious reasons,Not at all important
generated-f991180e-36b3-4282-a471-54e7253b2b6b,Familiarity,i choose foods that are familiartraditional,3
generated-f991180e-36b3-4282-a471-54e7253b2b6b,Price,i choose foods based on price,3
generated-f991180e-36b3-4282-a471-54e7253b2b6b,Mood,i choose foods that improve my mood,3
generated-3c01e43a-8e45-4bb5-9465-175fc10de0ab,Health,i choose foods because they keep me healthy,4
generated-3c01e43a-8e45-4bb5-9465-175fc10de0ab,Weight Control,i choose foods that help me control my weight,4
generated-3c01e43a-8e45-4bb5-9465-175fc10de0ab,Convenience,i choose foods that are convenient to prepare,Not at all important
generated-3c01e43a-8e45-4bb5-9465-175fc10de0ab,Sensory Appeal,i choose foods for their taste,Not very important
generated-3c01e43a-8e45-4bb5-9465-175fc10de0ab,Natural Content,i choose foods for ecologicalsustainability reasons,Not very important
generated-3c01e43a-8e45-4bb5-9465-175fc10de0ab,Ethical Concern,i choose foods for ethical or religious reasons,Not at all important
generated-3c01e43a-8e45-4bb5-9465-175fc10de0ab,Familiarity,i choose foods that are familiartraditional,3
generated-3c01e43a-8e45-4bb5-9465-175fc10de0ab,Price,i choose foods based on price,Not very important
generated-3c01e43a-8e45-4bb5-9465-175fc10de0ab,Mood,i choose foods that improve my mood,Not at all important
generated-c9d8ec94-49ee-4bbb-b9a4-919c83d0c4e7,Health,i choose foods because they keep me healthy,3
generated-c9d8ec94-49ee-4bbb-b9a4-919c83d0c4e7,Weight Control,i choose foods that help me control my weight,2
generated-c9d8ec94-49ee-4bbb-b9a4-919c83d0c4e7,Convenience,i choose foods that are convenient to prepare,4
generated-c9d8ec94-49ee-4bbb-b9a4-919c83d0c4e7,Sensory Appeal,i choose foods for their taste,4
generated-c9d8ec94-49ee-4bbb-b9a4-919c83d0c4e7,Natural Content,i choose foods for ecologicalsustainability reasons,Not at all important
generated-c9d8ec94-49ee-4bbb-b9a4-919c83d0c4e7,Ethical Concern,i choose foods for ethical or religious reasons,Not at all important
generated-c9d8ec94-49ee-4bbb-b9a4-919c83d0c4e7,Familiarity,i choose foods that are familiartraditional,Not very important
generated-c9d8ec94-49ee-4bbb-b9a4-919c83d0c4e7,Price,i choose foods based on price,Not very important
generated-c9d8ec94-49ee-4bbb-b9a4-919c83d0c4e7,Mood,i choose foods that improve my mood,3
generated-5b5210ba-4501-4bc2-9607-351aeb517996,Health,i choose foods because they keep me healthy,3
generated-5b5210ba-4501-4bc2-9607-351aeb517996,Weight Control,i choose foods that help me control my weight,1
generated-5b5210ba-4501-4bc2-9607-351aeb517996,Convenience,i choose foods that are convenient to prepare,3
generated-5b5210ba-4501-4bc2-9607-351aeb517996,Sensory Appeal,i choose foods for their taste,3
generated-5b5210ba-4501-4bc2-9607-351aeb517996,Natural Content,i choose foods for ecologicalsustainability reasons,2
generated-5b5210ba-4501-4bc2-9607-351aeb517996,Ethical Concern,i choose foods for ethical or religious reasons,1
generated-5b5210ba-4501-4bc2-9607-351aeb517996,Familiarity,i choose foods that are familiartraditional,2
generated-5b5210ba-4501-4bc2-9607-351aeb517996,Price,i choose foods based on price,4
generated-5b5210ba-4501-4bc2-9607-351aeb517996,Mood,i choose foods that improve my mood,3
generated-2ef56b05-8e82-43ff-a67a-38c24f080f3e,Health,i choose foods because they keep me healthy,3
generated-2ef56b05-8e82-43ff-a67a-38c24f080f3e,Weight Control,i choose foods that help me control my weight,3
generated-2ef56b05-8e82-43ff-a67a-38c24f080f3e,Convenience,i choose foods that are convenient to prepare,3
generated-2ef56b05-8e82-43ff-a67a-38c24f080f3e,Sensory Appeal,i choose foods for their taste,3
generated-2ef56b05-8e82-43ff-a67a-38c24f080f3e,Natural Content,i choose foods for ecologicalsustainability reasons,Not at all important
generated-2ef56b05-8e82-43ff-a67a-38c24f080f3e,Ethical Concern,i choose foods for ethical or religious reasons,Not at all important
generated-2ef56b05-8e82-43ff-a67a-38c24f080f3e,Familiarity,i choose foods that are familiartraditional,Not very important
generated-2ef56b05-8e82-43ff-a67a-38c24f080f3e,Price,i choose foods based on price,3
generated-2ef56b05-8e82-43ff-a67a-38c24f080f3e,Mood,i choose foods that improve my mood,Not very important
generated-411a4d8d-bc5a-469c-b9e2-1db46a4420a9,Health,i choose foods because they keep me healthy,3
generated-411a4d8d-bc5a-469c-b9e2-1db46a4420a9,Weight Control,i choose foods that help me control my weight,Not very important
generated-411a4d8d-bc5a-469c-b9e2-1db46a4420a9,Convenience,i choose foods that are convenient to prepare,Not very important
generated-411a4d8d-bc5a-469c-b9e2-1db46a4420a9,Sensory Appeal,i choose foods for their taste,4
generated-411a4d8d-bc5a-469c-b9e2-1db46a4420a9,Natural Content,i choose foods for ecologicalsustainability reasons,Not very important
generated-411a4d8d-bc5a-469c-b9e2-1db46a4420a9,Ethical Concern,i choose foods for ethical or religious reasons,Not at all important
generated-411a4d8d-bc5a-469c-b9e2-1db46a4420a9,Familiarity,i choose foods that are familiartraditional,Not very important
generated-411a4d8d-bc5a-469c-b9e2-1db46a4420a9,Price,i choose foods based on price,Not very important
generated-411a4d8d-bc5a-469c-b9e2-1db46a4420a9,Mood,i choose foods that improve my mood,4
generated-b4da3b1b-89a0-45e0-84a7-4af95d5a980d,Health,i choose foods because they keep me healthy,Not very important
generated-b4da3b1b-89a0-45e0-84a7-4af95d5a980d,Weight Control,i choose foods that help me control my weight,Not very important
generated-b4da3b1b-89a0-45e0-84a7-4af95d5a980d,Convenience,i choose foods that are convenient to prepare,3
generated-b4da3b1b-89a0-45e0-84a7-4af95d5a980d,Sensory Appeal,i choose foods for their taste,4
generated-b4da3b1b-89a0-45e0-84a7-4af95d5a980d,Natural Content,i choose foods for ecologicalsustainability reasons,Not at all important
generated-b4da3b1b-89a0-45e0-84a7-4af95d5a980d,Ethical Concern,i choose foods for ethical or religious reasons,Not at all important
generated-b4da3b1b-89a0-45e0-84a7-4af95d5a980d,Familiarity,i choose foods that are familiartraditional,3
generated-b4da3b1b-89a0-45e0-84a7-4af95d5a980d,Price,i choose foods based on price,3
generated-b4da3b1b-89a0-45e0-84a7-4af95d5a980d,Mood,i choose foods that improve my mood,4
generated-9404b5a0-4e13-4142-be9c-8057a99e5077,Health,i choose foods because they keep me healthy,3
generated-9404b5a0-4e13-4142-be9c-8057a99e5077,Weight Control,i choose foods that help me control my weight,3
generated-9404b5a0-4e13-4142-be9c-8057a99e5077,Convenience,i choose foods that are convenient to prepare,3
generated-9404b5a0-4e13-4142-be9c-8057a99e5077,Sensory Appeal,i choose foods for their taste,3
generated-9404b5a0-4e13-4142-be9c-8057a99e5077,Natural Content,i choose foods for ecologicalsustainability reasons,Not at all important
generated-9404b5a0-4e13-4142-be9c-8057a99e5077,Ethical Concern,i choose foods for ethical or religious reasons,Not at all important
generated-9404b5a0-4e13-4142-be9c-8057a99e5077,Familiarity,i choose foods that are familiartraditional,Not very important
generated-9404b5a0-4e13-4142-be9c-8057a99e5077,Price,i choose foods based on price,4
generated-9404b5a0-4e13-4142-be9c-8057a99e5077,Mood,i choose foods that improve my mood,Not very important
generated-a23fb748-c96e-41ef-b263-5ff0f0962edd,Health,i choose foods because they keep me healthy,3
generated-a23fb748-c96e-41ef-b263-5ff0f0962edd,Weight Control,i choose foods that help me control my weight,3
generated-a23fb748-c96e-41ef-b263-5ff0f0962edd,Convenience,i choose foods that are convenient to prepare,4
generated-a23fb748-c96e-41ef-b263-5ff0f0962edd,Sensory Appeal,i choose foods for their taste,3
generated-a23fb748-c96e-41ef-b263-5ff0f0962edd,Natural Content,i choose foods for ecologicalsustainability reasons,3
generated-a23fb748-c96e-41ef-b263-5ff0f0962edd,Ethical Concern,i choose foods for ethical or religious reasons,1
generated-a23fb748-c96e-41ef-b263-5ff0f0962edd,Familiarity,i choose foods that are familiartraditional,1
generated-a23fb748-c96e-41ef-b263-5ff0f0962edd,Price,i choose foods based on price,2
generated-a23fb748-c96e-41ef-b263-5ff0f0962edd,Mood,i choose foods that improve my mood,2
60721c2da01b3a616edba9a7,Health,i choose foods because they keep me healthy,3
60721c2da01b3a616edba9a7,Weight Control,i choose foods that help me control my weight,2
60721c2da01b3a616edba9a7,Convenience,i choose foods that are convenient to prepare,3
60721c2da01b3a616edba9a7,Sensory Appeal,i choose foods for their taste,4
60721c2da01b3a616edba9a7,Natural Content,i choose foods for ecologicalsustainability reasons,1
60721c2da01b3a616edba9a7,Ethical Concern,i choose foods for ethical or religious reasons,1
60721c2da01b3a616edba9a7,Familiarity,i choose foods that are familiartraditional,3
60721c2da01b3a616edba9a7,Price,i choose foods based on price,4
60721c2da01b3a616edba9a7,Mood,i choose foods that improve my mood,2
64a3e3a7b17af2ccd6336581,Health,i choose foods because they keep me healthy,3
64a3e3a7b17af2ccd6336581,Weight Control,i choose foods that help me control my weight,2
64a3e3a7b17af2ccd6336581,Convenience,i choose foods that are convenient to prepare,3
64a3e3a7b17af2ccd6336581,Sensory Appeal,i choose foods for their taste,4
64a3e3a7b17af2ccd6336581,Natural Content,i choose foods for ecologicalsustainability reasons,2
64a3e3a7b17af2ccd6336581,Ethical Concern,i choose foods for ethical or religious reasons,1
64a3e3a7b17af2ccd6336581,Familiarity,i choose foods that are familiartraditional,1
64a3e3a7b17af2ccd6336581,Price,i choose foods based on price,2
64a3e3a7b17af2ccd6336581,Mood,i choose foods that improve my mood,2
611d4891122d6413d83ffb29,Health,i choose foods because they keep me healthy,3
611d4891122d6413d83ffb29,Weight Control,i choose foods that help me control my weight,3
611d4891122d6413d83ffb29,Convenience,i choose foods that are convenient to prepare,3
611d4891122d6413d83ffb29,Sensory Appeal,i choose foods for their taste,4
611d4891122d6413d83ffb29,Natural Content,i choose foods for ecologicalsustainability reasons,2
611d4891122d6413d83ffb29,Ethical Concern,i choose foods for ethical or religious reasons,1
611d4891122d6413d83ffb29,Familiarity,i choose foods that are familiartraditional,3
611d4891122d6413d83ffb29,Price,i choose foods based on price,3
611d4891122d6413d83ffb29,Mood,i choose foods that improve my mood,3
67607e34fb2abbf20ec24851,Health,i choose foods because they keep me healthy,3
67607e34fb2abbf20ec24851,Weight Control,i choose foods that help me control my weight,2
67607e34fb2abbf20ec24851,Convenience,i choose foods that are convenient to prepare,3
67607e34fb2abbf20ec24851,Sensory Appeal,i choose foods for their taste,4
67607e34fb2abbf20ec24851,Natural Content,i choose foods for ecologicalsustainability reasons,2
67607e34fb2abbf20ec24851,Ethical Concern,i choose foods for ethical or religious reasons,1
67607e34fb2abbf20ec24851,Familiarity,i choose foods that are familiartraditional,2
67607e34fb2abbf20ec24851,Price,i choose foods based on price,2
67607e34fb2abbf20ec24851,Mood,i choose foods that improve my mood,3
6176b584db27cdcecc3896c8,Health,i choose foods because they keep me healthy,4
6176b584db27cdcecc3896c8,Weight Control,i choose foods that help me control my weight,2
6176b584db27cdcecc3896c8,Convenience,i choose foods that are convenient to prepare,3
6176b584db27cdcecc3896c8,Sensory Appeal,i choose foods for their taste,2
6176b584db27cdcecc3896c8,Natural Content,i choose foods for ecologicalsustainability reasons,1
6176b584db27cdcecc3896c8,Ethical Concern,i choose foods for ethical or religious reasons,1
6176b584db27cdcecc3896c8,Familiarity,i choose foods that are familiartraditional,1
6176b584db27cdcecc3896c8,Price,i choose foods based on price,3
6176b584db27cdcecc3896c8,Mood,i choose foods that improve my mood,2
668d47c713ff36650d859118,Health,i choose foods because they keep me healthy,2
668d47c713ff36650d859118,Weight Control,i choose foods that help me control my weight,2
668d47c713ff36650d859118,Convenience,i choose foods that are convenient to prepare,3
668d47c713ff36650d859118,Sensory Appeal,i choose foods for their taste,4
668d47c713ff36650d859118,Natural Content,i choose foods for ecologicalsustainability reasons,2
668d47c713ff36650d859118,Ethical Concern,i choose foods for ethical or religious reasons,1
668d47c713ff36650d859118,Familiarity,i choose foods that are familiartraditional,2
668d47c713ff36650d859118,Price,i choose foods based on price,4
668d47c713ff36650d859118,Mood,i choose foods that improve my mood,2
68d7908b9d6b3e5520ccb109,Health,i choose foods because they keep me healthy,3
68d7908b9d6b3e5520ccb109,Weight Control,i choose foods that help me control my weight,2
68d7908b9d6b3e5520ccb109,Convenience,i choose foods that are convenient to prepare,2
68d7908b9d6b3e5520ccb109,Sensory Appeal,i choose foods for their taste,4
68d7908b9d6b3e5520ccb109,Natural Content,i choose foods for ecologicalsustainability reasons,3
68d7908b9d6b3e5520ccb109,Ethical Concern,i choose foods for ethical or religious reasons,2
68d7908b9d6b3e5520ccb109,Familiarity,i choose foods that are familiartraditional,3
68d7908b9d6b3e5520ccb109,Price,i choose foods based on price,3
68d7908b9d6b3e5520ccb109,Mood,i choose foods that improve my mood,2
5e8c13d8f743d210d47ec874,Health,i choose foods because they keep me healthy,3
5e8c13d8f743d210d47ec874,Weight Control,i choose foods that help me control my weight,3
5e8c13d8f743d210d47ec874,Convenience,i choose foods that are convenient to prepare,3
5e8c13d8f743d210d47ec874,Sensory Appeal,i choose foods for their taste,4
5e8c13d8f743d210d47ec874,Natural Content,i choose foods for ecologicalsustainability reasons,2
5e8c13d8f743d210d47ec874,Ethical Concern,i choose foods for ethical or religious reasons,2
5e8c13d8f743d210d47ec874,Familiarity,i choose foods that are familiartraditional,2
5e8c13d8f743d210d47ec874,Price,i choose foods based on price,1
5e8c13d8f743d210d47ec874,Mood,i choose foods that improve my mood,3
6914cef0f6190cc456cb9ff5,Health,i choose foods because they keep me healthy,3
6914cef0f6190cc456cb9ff5,Weight Control,i choose foods that help me control my weight,3
6914cef0f6190cc456cb9ff5,Convenience,i choose foods that are convenient to prepare,2
6914cef0f6190cc456cb9ff5,Sensory Appeal,i choose foods for their taste,4
6914cef0f6190cc456cb9ff5,Natural Content,i choose foods for ecologicalsustainability reasons,2
6914cef0f6190cc456cb9ff5,Ethical Concern,i choose foods for ethical or religious reasons,1
6914cef0f6190cc456cb9ff5,Familiarity,i choose foods that are familiartraditional,2
6914cef0f6190cc456cb9ff5,Price,i choose foods based on price,2
6914cef0f6190cc456cb9ff5,Mood,i choose foods that improve my mood,4
65c4b120898ec14b2db32dd5,Health,i choose foods because they keep me healthy,2
65c4b120898ec14b2db32dd5,Weight Control,i choose foods that help me control my weight,2
65c4b120898ec14b2db32dd5,Convenience,i choose foods that are convenient to prepare,1
65c4b120898ec14b2db32dd5,Sensory Appeal,i choose foods for their taste,4
65c4b120898ec14b2db32dd5,Natural Content,i choose foods for ecologicalsustainability reasons,2
65c4b120898ec14b2db32dd5,Ethical Concern,i choose foods for ethical or religious reasons,1
65c4b120898ec14b2db32dd5,Familiarity,i choose foods that are familiartraditional,2
65c4b120898ec14b2db32dd5,Price,i choose foods based on price,2
65c4b120898ec14b2db32dd5,Mood,i choose foods that improve my mood,4
665f847f981f9a2e65a2c5d8,Health,i choose foods because they keep me healthy,3
665f847f981f9a2e65a2c5d8,Weight Control,i choose foods that help me control my weight,3
665f847f981f9a2e65a2c5d8,Convenience,i choose foods that are convenient to prepare,3
665f847f981f9a2e65a2c5d8,Sensory Appeal,i choose foods for their taste,3
665f847f981f9a2e65a2c5d8,Natural Content,i choose foods for ecologicalsustainability reasons,2
665f847f981f9a2e65a2c5d8,Ethical Concern,i choose foods for ethical or religious reasons,1
665f847f981f9a2e65a2c5d8,Familiarity,i choose foods that are familiartraditional,1
665f847f981f9a2e65a2c5d8,Price,i choose foods based on price,3
665f847f981f9a2e65a2c5d8,Mood,i choose foods that improve my mood,2
65fbd867fe676ad5bdb1ae96,Health,i choose foods because they keep me healthy,4
65fbd867fe676ad5bdb1ae96,Weight Control,i choose foods that help me control my weight,2
65fbd867fe676ad5bdb1ae96,Convenience,i choose foods that are convenient to prepare,3
65fbd867fe676ad5bdb1ae96,Sensory Appeal,i choose foods for their taste,4
65fbd867fe676ad5bdb1ae96,Natural Content,i choose foods for ecologicalsustainability reasons,1
65fbd867fe676ad5bdb1ae96,Ethical Concern,i choose foods for ethical or religious reasons,1
65fbd867fe676ad5bdb1ae96,Familiarity,i choose foods that are familiartraditional,2
65fbd867fe676ad5bdb1ae96,Price,i choose foods based on price,3
65fbd867fe676ad5bdb1ae96,Mood,i choose foods that improve my mood,4
6665a9d6028c2fb836001d5c,Health,i choose foods because they keep me healthy,3
6665a9d6028c2fb836001d5c,Weight Control,i choose foods that help me control my weight,2
6665a9d6028c2fb836001d5c,Convenience,i choose foods that are convenient to prepare,4
6665a9d6028c2fb836001d5c,Sensory Appeal,i choose foods for their taste,3
6665a9d6028c2fb836001d5c,Natural Content,i choose foods for ecologicalsustainability reasons,2
6665a9d6028c2fb836001d5c,Ethical Concern,i choose foods for ethical or religious reasons,1
6665a9d6028c2fb836001d5c,Familiarity,i choose foods that are familiartraditional,2
6665a9d6028c2fb836001d5c,Price,i choose foods based on price,4
6665a9d6028c2fb836001d5c,Mood,i choose foods that improve my mood,4
55a2159bfdf99b3cec08f1a9,Health,i choose foods because they keep me healthy,4
55a2159bfdf99b3cec08f1a9,Weight Control,i choose foods that help me control my weight,2
55a2159bfdf99b3cec08f1a9,Convenience,i choose foods that are convenient to prepare,2
55a2159bfdf99b3cec08f1a9,Sensory Appeal,i choose foods for their taste,4
55a2159bfdf99b3cec08f1a9,Natural Content,i choose foods for ecologicalsustainability reasons,3
55a2159bfdf99b3cec08f1a9,Ethical Concern,i choose foods for ethical or religious reasons,1
55a2159bfdf99b3cec08f1a9,Familiarity,i choose foods that are familiartraditional,2
55a2159bfdf99b3cec08f1a9,Price,i choose foods based on price,3
55a2159bfdf99b3cec08f1a9,Mood,i choose foods that improve my mood,4
609cf52f307e706d751a9f22,Health,i choose foods because they keep me healthy,4
609cf52f307e706d751a9f22,Weight Control,i choose foods that help me control my weight,4
609cf52f307e706d751a9f22,Convenience,i choose foods that are convenient to prepare,3
609cf52f307e706d751a9f22,Sensory Appeal,i choose foods for their taste,4
609cf52f307e706d751a9f22,Natural Content,i choose foods for ecologicalsustainability reasons,3
609cf52f307e706d751a9f22,Ethical Concern,i choose foods for ethical or religious reasons,2
609cf52f307e706d751a9f22,Familiarity,i choose foods that are familiartraditional,3
609cf52f307e706d751a9f22,Price,i choose foods based on price,3
609cf52f307e706d751a9f22,Mood,i choose foods that improve my mood,3
56ab6fd869b24700065cbdbd,Health,i choose foods because they keep me healthy,3
56ab6fd869b24700065cbdbd,Weight Control,i choose foods that help me control my weight,2
56ab6fd869b24700065cbdbd,Convenience,i choose foods that are convenient to prepare,2
56ab6fd869b24700065cbdbd,Sensory Appeal,i choose foods for their taste,4
56ab6fd869b24700065cbdbd,Natural Content,i choose foods for ecologicalsustainability reasons,3
56ab6fd869b24700065cbdbd,Ethical Concern,i choose foods for ethical or religious reasons,2
56ab6fd869b24700065cbdbd,Familiarity,i choose foods that are familiartraditional,3
56ab6fd869b24700065cbdbd,Price,i choose foods based on price,3
56ab6fd869b24700065cbdbd,Mood,i choose foods that improve my mood,2
676061b0d6e01e2e9548a4b9,Health,i choose foods because they keep me healthy,1
676061b0d6e01e2e9548a4b9,Weight Control,i choose foods that help me control my weight,1
676061b0d6e01e2e9548a4b9,Convenience,i choose foods that are convenient to prepare,3
676061b0d6e01e2e9548a4b9,Sensory Appeal,i choose foods for their taste,4
676061b0d6e01e2e9548a4b9,Natural Content,i choose foods for ecologicalsustainability reasons,1
676061b0d6e01e2e9548a4b9,Ethical Concern,i choose foods for ethical or religious reasons,1
676061b0d6e01e2e9548a4b9,Familiarity,i choose foods that are familiartraditional,1
676061b0d6e01e2e9548a4b9,Price,i choose foods based on price,3
676061b0d6e01e2e9548a4b9,Mood,i choose foods that improve my mood,3
6952dfd747efd6d8555144ec,Health,i choose foods because they keep me healthy,4
6952dfd747efd6d8555144ec,Weight Control,i choose foods that help me control my weight,4
6952dfd747efd6d8555144ec,Convenience,i choose foods that are convenient to prepare,3
6952dfd747efd6d8555144ec,Sensory Appeal,i choose foods for their taste,2
6952dfd747efd6d8555144ec,Natural Content,i choose foods for ecologicalsustainability reasons,1
6952dfd747efd6d8555144ec,Ethical Concern,i choose foods for ethical or religious reasons,1
6952dfd747efd6d8555144ec,Familiarity,i choose foods that are familiartraditional,1
6952dfd747efd6d8555144ec,Price,i choose foods based on price,4
6952dfd747efd6d8555144ec,Mood,i choose foods that improve my mood,2
615b8628e36642dc441f4711,Health,i choose foods because they keep me healthy,2
615b8628e36642dc441f4711,Weight Control,i choose foods that help me control my weight,2
615b8628e36642dc441f4711,Convenience,i choose foods that are convenient to prepare,2
615b8628e36642dc441f4711,Sensory Appeal,i choose foods for their taste,3
615b8628e36642dc441f4711,Natural Content,i choose foods for ecologicalsustainability reasons,3
615b8628e36642dc441f4711,Ethical Concern,i choose foods for ethical or religious reasons,1
615b8628e36642dc441f4711,Familiarity,i choose foods that are familiartraditional,1
615b8628e36642dc441f4711,Price,i choose foods based on price,3
615b8628e36642dc441f4711,Mood,i choose foods that improve my mood,2
660ea65b18972d0e6a14a896,Health,i choose foods because they keep me healthy,2
660ea65b18972d0e6a14a896,Weight Control,i choose foods that help me control my weight,3
660ea65b18972d0e6a14a896,Convenience,i choose foods that are convenient to prepare,2
660ea65b18972d0e6a14a896,Sensory Appeal,i choose foods for their taste,3
660ea65b18972d0e6a14a896,Natural Content,i choose foods for ecologicalsustainability reasons,2
660ea65b18972d0e6a14a896,Ethical Concern,i choose foods for ethical or religious reasons,2
660ea65b18972d0e6a14a896,Familiarity,i choose foods that are familiartraditional,2
660ea65b18972d0e6a14a896,Price,i choose foods based on price,4
660ea65b18972d0e6a14a896,Mood,i choose foods that improve my mood,1
5d63c128888f91000176ecbc,Health,i choose foods because they keep me healthy,2
5d63c128888f91000176ecbc,Weight Control,i choose foods that help me control my weight,3
5d63c128888f91000176ecbc,Convenience,i choose foods that are convenient to prepare,4
5d63c128888f91000176ecbc,Sensory Appeal,i choose foods for their taste,4
5d63c128888f91000176ecbc,Natural Content,i choose foods for ecologicalsustainability reasons,1
5d63c128888f91000176ecbc,Ethical Concern,i choose foods for ethical or religious reasons,1
5d63c128888f91000176ecbc,Familiarity,i choose foods that are familiartraditional,4
5d63c128888f91000176ecbc,Price,i choose foods based on price,3
5d63c128888f91000176ecbc,Mood,i choose foods that improve my mood,2
5e7b804f9379140478c688da,Health,i choose foods because they keep me healthy,4
5e7b804f9379140478c688da,Weight Control,i choose foods that help me control my weight,4
5e7b804f9379140478c688da,Convenience,i choose foods that are convenient to prepare,3
5e7b804f9379140478c688da,Sensory Appeal,i choose foods for their taste,4
5e7b804f9379140478c688da,Natural Content,i choose foods for ecologicalsustainability reasons,1
5e7b804f9379140478c688da,Ethical Concern,i choose foods for ethical or religious reasons,1
5e7b804f9379140478c688da,Familiarity,i choose foods that are familiartraditional,1
5e7b804f9379140478c688da,Price,i choose foods based on price,3
5e7b804f9379140478c688da,Mood,i choose foods that improve my mood,1
5788d88416a091000112be18,Health,i choose foods because they keep me healthy,2
5788d88416a091000112be18,Weight Control,i choose foods that help me control my weight,2
5788d88416a091000112be18,Convenience,i choose foods that are convenient to prepare,3
5788d88416a091000112be18,Sensory Appeal,i choose foods for their taste,4
5788d88416a091000112be18,Natural Content,i choose foods for ecologicalsustainability reasons,2
5788d88416a091000112be18,Ethical Concern,i choose foods for ethical or religious reasons,1
5788d88416a091000112be18,Familiarity,i choose foods that are familiartraditional,4
5788d88416a091000112be18,Price,i choose foods based on price,3
5788d88416a091000112be18,Mood,i choose foods that improve my mood,3
654108fe1fa011ab478a690c,Health,i choose foods because they keep me healthy,2
654108fe1fa011ab478a690c,Weight Control,i choose foods that help me control my weight,2
654108fe1fa011ab478a690c,Convenience,i choose foods that are convenient to prepare,2
654108fe1fa011ab478a690c,Sensory Appeal,i choose foods for their taste,4
654108fe1fa011ab478a690c,Natural Content,i choose foods for ecologicalsustainability reasons,3
654108fe1fa011ab478a690c,Ethical Concern,i choose foods for ethical or religious reasons,2
654108fe1fa011ab478a690c,Familiarity,i choose foods that are familiartraditional,1
654108fe1fa011ab478a690c,Price,i choose foods based on price,2
654108fe1fa011ab478a690c,Mood,i choose foods that improve my mood,2
611231ed6becd74ae42f2072,Health,i choose foods because they keep me healthy,4
611231ed6becd74ae42f2072,Weight Control,i choose foods that help me control my weight,4
611231ed6becd74ae42f2072,Convenience,i choose foods that are convenient to prepare,1
611231ed6becd74ae42f2072,Sensory Appeal,i choose foods for their taste,4
611231ed6becd74ae42f2072,Natural Content,i choose foods for ecologicalsustainability reasons,2
611231ed6becd74ae42f2072,Ethical Concern,i choose foods for ethical or religious reasons,2
611231ed6becd74ae42f2072,Familiarity,i choose foods that are familiartraditional,2
611231ed6becd74ae42f2072,Price,i choose foods based on price,2
611231ed6becd74ae42f2072,Mood,i choose foods that improve my mood,4
673b34b6779d92368ad35f57,Health,i choose foods because they keep me healthy,2
673b34b6779d92368ad35f57,Weight Control,i choose foods that help me control my weight,2
673b34b6779d92368ad35f57,Convenience,i choose foods that are convenient to prepare,3
673b34b6779d92368ad35f57,Sensory Appeal,i choose foods for their taste,4
673b34b6779d92368ad35f57,Natural Content,i choose foods for ecologicalsustainability reasons,1
673b34b6779d92368ad35f57,Ethical Concern,i choose foods for ethical or religious reasons,1
673b34b6779d92368ad35f57,Familiarity,i choose foods that are familiartraditional,3
673b34b6779d92368ad35f57,Price,i choose foods based on price,3
673b34b6779d92368ad35f57,Mood,i choose foods that improve my mood,2
5ef0a866cd9cde0fcd0d2f77,Health,i choose foods because they keep me healthy,2
5ef0a866cd9cde0fcd0d2f77,Weight Control,i choose foods that help me control my weight,2
5ef0a866cd9cde0fcd0d2f77,Convenience,i choose foods that are convenient to prepare,1
5ef0a866cd9cde0fcd0d2f77,Sensory Appeal,i choose foods for their taste,4
5ef0a866cd9cde0fcd0d2f77,Natural Content,i choose foods for ecologicalsustainability reasons,2
5ef0a866cd9cde0fcd0d2f77,Ethical Concern,i choose foods for ethical or religious reasons,1
5ef0a866cd9cde0fcd0d2f77,Familiarity,i choose foods that are familiartraditional,1
5ef0a866cd9cde0fcd0d2f77,Price,i choose foods based on price,3
5ef0a866cd9cde0fcd0d2f77,Mood,i choose foods that improve my mood,3
63d0457277e5eec955840a04,Health,i choose foods because they keep me healthy,3
63d0457277e5eec955840a04,Weight Control,i choose foods that help me control my weight,3
63d0457277e5eec955840a04,Convenience,i choose foods that are convenient to prepare,3
63d0457277e5eec955840a04,Sensory Appeal,i choose foods for their taste,4
63d0457277e5eec955840a04,Natural Content,i choose foods for ecologicalsustainability reasons,2
63d0457277e5eec955840a04,Ethical Concern,i choose foods for ethical or religious reasons,1
63d0457277e5eec955840a04,Familiarity,i choose foods that are familiartraditional,2
63d0457277e5eec955840a04,Price,i choose foods based on price,2
63d0457277e5eec955840a04,Mood,i choose foods that improve my mood,1
65c7e8ec2fc3afbaa35438e2,Health,i choose foods because they keep me healthy,3
65c7e8ec2fc3afbaa35438e2,Weight Control,i choose foods that help me control my weight,1
65c7e8ec2fc3afbaa35438e2,Convenience,i choose foods that are convenient to prepare,2
65c7e8ec2fc3afbaa35438e2,Sensory Appeal,i choose foods for their taste,4
65c7e8ec2fc3afbaa35438e2,Natural Content,i choose foods for ecologicalsustainability reasons,2
65c7e8ec2fc3afbaa35438e2,Ethical Concern,i choose foods for ethical or religious reasons,1
65c7e8ec2fc3afbaa35438e2,Familiarity,i choose foods that are familiartraditional,2
65c7e8ec2fc3afbaa35438e2,Price,i choose foods based on price,3
65c7e8ec2fc3afbaa35438e2,Mood,i choose foods that improve my mood,4
69667a853da8d8c7c73033d0,Health,i choose foods because they keep me healthy,2
69667a853da8d8c7c73033d0,Weight Control,i choose foods that help me control my weight,2
69667a853da8d8c7c73033d0,Convenience,i choose foods that are convenient to prepare,3
69667a853da8d8c7c73033d0,Sensory Appeal,i choose foods for their taste,4
69667a853da8d8c7c73033d0,Natural Content,i choose foods for ecologicalsustainability reasons,1
69667a853da8d8c7c73033d0,Ethical Concern,i choose foods for ethical or religious reasons,1
69667a853da8d8c7c73033d0,Familiarity,i choose foods that are familiartraditional,2
69667a853da8d8c7c73033d0,Price,i choose foods based on price,3
69667a853da8d8c7c73033d0,Mood,i choose foods that improve my mood,4
66d31a1b0515fe747830bab9,Health,i choose foods because they keep me healthy,2
66d31a1b0515fe747830bab9,Weight Control,i choose foods that help me control my weight,2
66d31a1b0515fe747830bab9,Convenience,i choose foods that are convenient to prepare,4
66d31a1b0515fe747830bab9,Sensory Appeal,i choose foods for their taste,3
66d31a1b0515fe747830bab9,Natural Content,i choose foods for ecologicalsustainability reasons,1
66d31a1b0515fe747830bab9,Ethical Concern,i choose foods for ethical or religious reasons,1
66d31a1b0515fe747830bab9,Familiarity,i choose foods that are familiartraditional,3
66d31a1b0515fe747830bab9,Price,i choose foods based on price,4
66d31a1b0515fe747830bab9,Mood,i choose foods that improve my mood,2
66cda94f3c1bd8f7cc321ba8,Health,i choose foods because they keep me healthy,3
66cda94f3c1bd8f7cc321ba8,Weight Control,i choose foods that help me control my weight,2
66cda94f3c1bd8f7cc321ba8,Convenience,i choose foods that are convenient to prepare,3
66cda94f3c1bd8f7cc321ba8,Sensory Appeal,i choose foods for their taste,3
66cda94f3c1bd8f7cc321ba8,Natural Content,i choose foods for ecologicalsustainability reasons,2
66cda94f3c1bd8f7cc321ba8,Ethical Concern,i choose foods for ethical or religious reasons,2
66cda94f3c1bd8f7cc321ba8,Familiarity,i choose foods that are familiartraditional,3
66cda94f3c1bd8f7cc321ba8,Price,i choose foods based on price,2
66cda94f3c1bd8f7cc321ba8,Mood,i choose foods that improve my mood,3
691f3fd55be97eee747b5b5c,Health,i choose foods because they keep me healthy,4
691f3fd55be97eee747b5b5c,Weight Control,i choose foods that help me control my weight,2
691f3fd55be97eee747b5b5c,Convenience,i choose foods that are convenient to prepare,4
691f3fd55be97eee747b5b5c,Sensory Appeal,i choose foods for their taste,4
691f3fd55be97eee747b5b5c,Natural Content,i choose foods for ecologicalsustainability reasons,2
691f3fd55be97eee747b5b5c,Ethical Concern,i choose foods for ethical or religious reasons,1
691f3fd55be97eee747b5b5c,Familiarity,i choose foods that are familiartraditional,2
691f3fd55be97eee747b5b5c,Price,i choose foods based on price,3
691f3fd55be97eee747b5b5c,Mood,i choose foods that improve my mood,3
66c26d261204b7499223f391,Health,i choose foods because they keep me healthy,3
66c26d261204b7499223f391,Weight Control,i choose foods that help me control my weight,2
66c26d261204b7499223f391,Convenience,i choose foods that are convenient to prepare,3
66c26d261204b7499223f391,Sensory Appeal,i choose foods for their taste,3
66c26d261204b7499223f391,Natural Content,i choose foods for ecologicalsustainability reasons,2
66c26d261204b7499223f391,Ethical Concern,i choose foods for ethical or religious reasons,1
66c26d261204b7499223f391,Familiarity,i choose foods that are familiartraditional,2
66c26d261204b7499223f391,Price,i choose foods based on price,3
66c26d261204b7499223f391,Mood,i choose foods that improve my mood,2
6658b2d717b161dc426bd193,Health,i choose foods because they keep me healthy,2
6658b2d717b161dc426bd193,Weight Control,i choose foods that help me control my weight,1
6658b2d717b161dc426bd193,Convenience,i choose foods that are convenient to prepare,2
6658b2d717b161dc426bd193,Sensory Appeal,i choose foods for their taste,4
6658b2d717b161dc426bd193,Natural Content,i choose foods for ecologicalsustainability reasons,1
6658b2d717b161dc426bd193,Ethical Concern,i choose foods for ethical or religious reasons,1
6658b2d717b161dc426bd193,Familiarity,i choose foods that are familiartraditional,2
6658b2d717b161dc426bd193,Price,i choose foods based on price,3
6658b2d717b161dc426bd193,Mood,i choose foods that improve my mood,4
646135de222b9ee457157c2b,Health,i choose foods because they keep me healthy,3
646135de222b9ee457157c2b,Weight Control,i choose foods that help me control my weight,3
646135de222b9ee457157c2b,Convenience,i choose foods that are convenient to prepare,3
646135de222b9ee457157c2b,Sensory Appeal,i choose foods for their taste,3
646135de222b9ee457157c2b,Natural Content,i choose foods for ecologicalsustainability reasons,3
646135de222b9ee457157c2b,Ethical Concern,i choose foods for ethical or religious reasons,2
646135de222b9ee457157c2b,Familiarity,i choose foods that are familiartraditional,3
646135de222b9ee457157c2b,Price,i choose foods based on price,3
646135de222b9ee457157c2b,Mood,i choose foods that improve my mood,3
668aa0851622bf0930ff12fc,Health,i choose foods because they keep me healthy,4
668aa0851622bf0930ff12fc,Weight Control,i choose foods that help me control my weight,4
668aa0851622bf0930ff12fc,Convenience,i choose foods that are convenient to prepare,2
668aa0851622bf0930ff12fc,Sensory Appeal,i choose foods for their taste,2
668aa0851622bf0930ff12fc,Natural Content,i choose foods for ecologicalsustainability reasons,2
668aa0851622bf0930ff12fc,Ethical Concern,i choose foods for ethical or religious reasons,1
668aa0851622bf0930ff12fc,Familiarity,i choose foods that are familiartraditional,1
668aa0851622bf0930ff12fc,Price,i choose foods based on price,2
668aa0851622bf0930ff12fc,Mood,i choose foods that improve my mood,1
61141c855eb58d6a4e3d8d5b,Health,i choose foods because they keep me healthy,3
61141c855eb58d6a4e3d8d5b,Weight Control,i choose foods that help me control my weight,1
61141c855eb58d6a4e3d8d5b,Convenience,i choose foods that are convenient to prepare,3
61141c855eb58d6a4e3d8d5b,Sensory Appeal,i choose foods for their taste,4
61141c855eb58d6a4e3d8d5b,Natural Content,i choose foods for ecologicalsustainability reasons,3
61141c855eb58d6a4e3d8d5b,Ethical Concern,i choose foods for ethical or religious reasons,1
61141c855eb58d6a4e3d8d5b,Familiarity,i choose foods that are familiartraditional,3
61141c855eb58d6a4e3d8d5b,Price,i choose foods based on price,3
61141c855eb58d6a4e3d8d5b,Mood,i choose foods that improve my mood,3
61728b3e4e680d6c607f514c,Health,i choose foods because they keep me healthy,Not at all important
61728b3e4e680d6c607f514c,Weight Control,i choose foods that help me control my weight,Not at all important
61728b3e4e680d6c607f514c,Convenience,i choose foods that are convenient to prepare,4
61728b3e4e680d6c607f514c,Sensory Appeal,i choose foods for their taste,4
61728b3e4e680d6c607f514c,Natural Content,i choose foods for ecologicalsustainability reasons,Not at all important
61728b3e4e680d6c607f514c,Ethical Concern,i choose foods for ethical or religious reasons,Not at all important
61728b3e4e680d6c607f514c,Familiarity,i choose foods that are familiartraditional,4
61728b3e4e680d6c607f514c,Price,i choose foods based on price,Not very important
61728b3e4e680d6c607f514c,Mood,i choose foods that improve my mood,3
5a47473899311d0001df550e,Health,i choose foods because they keep me healthy,3
5a47473899311d0001df550e,Weight Control,i choose foods that help me control my weight,4
5a47473899311d0001df550e,Convenience,i choose foods that are convenient to prepare,3
5a47473899311d0001df550e,Sensory Appeal,i choose foods for their taste,3
5a47473899311d0001df550e,Natural Content,i choose foods for ecologicalsustainability reasons,1
5a47473899311d0001df550e,Ethical Concern,i choose foods for ethical or religious reasons,1
5a47473899311d0001df550e,Familiarity,i choose foods that are familiartraditional,1
5a47473899311d0001df550e,Price,i choose foods based on price,1
5a47473899311d0001df550e,Mood,i choose foods that improve my mood,2
5f514593ea1e87365b9cb05f,Health,i choose foods because they keep me healthy,3
5f514593ea1e87365b9cb05f,Weight Control,i choose foods that help me control my weight,2
5f514593ea1e87365b9cb05f,Convenience,i choose foods that are convenient to prepare,4
5f514593ea1e87365b9cb05f,Sensory Appeal,i choose foods for their taste,4
5f514593ea1e87365b9cb05f,Natural Content,i choose foods for ecologicalsustainability reasons,3
5f514593ea1e87365b9cb05f,Ethical Concern,i choose foods for ethical or religious reasons,4
5f514593ea1e87365b9cb05f,Familiarity,i choose foods that are familiartraditional,3
5f514593ea1e87365b9cb05f,Price,i choose foods based on price,4
5f514593ea1e87365b9cb05f,Mood,i choose foods that improve my mood,2
62c4590804317dc197ecbe8a,Health,i choose foods because they keep me healthy,4
62c4590804317dc197ecbe8a,Weight Control,i choose foods that help me control my weight,3
62c4590804317dc197ecbe8a,Convenience,i choose foods that are convenient to prepare,3
62c4590804317dc197ecbe8a,Sensory Appeal,i choose foods for their taste,4
62c4590804317dc197ecbe8a,Natural Content,i choose foods for ecologicalsustainability reasons,2
62c4590804317dc197ecbe8a,Ethical Concern,i choose foods for ethical or religious reasons,1
62c4590804317dc197ecbe8a,Familiarity,i choose foods that are familiartraditional,2
62c4590804317dc197ecbe8a,Price,i choose foods based on price,3
62c4590804317dc197ecbe8a,Mood,i choose foods that improve my mood,2
6773d589c3198df1ab5f8887,Health,i choose foods because they keep me healthy,2
6773d589c3198df1ab5f8887,Weight Control,i choose foods that help me control my weight,3
6773d589c3198df1ab5f8887,Convenience,i choose foods that are convenient to prepare,3
6773d589c3198df1ab5f8887,Sensory Appeal,i choose foods for their taste,4
6773d589c3198df1ab5f8887,Natural Content,i choose foods for ecologicalsustainability reasons,2
6773d589c3198df1ab5f8887,Ethical Concern,i choose foods for ethical or religious reasons,1
6773d589c3198df1ab5f8887,Familiarity,i choose foods that are familiartraditional,3
6773d589c3198df1ab5f8887,Price,i choose foods based on price,4
6773d589c3198df1ab5f8887,Mood,i choose foods that improve my mood,3
5c50efd2cc71f4000125ce0d,Health,i choose foods because they keep me healthy,4
5c50efd2cc71f4000125ce0d,Weight Control,i choose foods that help me control my weight,3
5c50efd2cc71f4000125ce0d,Convenience,i choose foods that are convenient to prepare,4
5c50efd2cc71f4000125ce0d,Sensory Appeal,i choose foods for their taste,4
5c50efd2cc71f4000125ce0d,Natural Content,i choose foods for ecologicalsustainability reasons,4
5c50efd2cc71f4000125ce0d,Ethical Concern,i choose foods for ethical or religious reasons,4
5c50efd2cc71f4000125ce0d,Familiarity,i choose foods that are familiartraditional,4
5c50efd2cc71f4000125ce0d,Price,i choose foods based on price,4
5c50efd2cc71f4000125ce0d,Mood,i choose foods that improve my mood,4
60b7b8126c0c4524e913236e,Health,i choose foods because they keep me healthy,3
60b7b8126c0c4524e913236e,Weight Control,i choose foods that help me control my weight,3
60b7b8126c0c4524e913236e,Convenience,i choose foods that are convenient to prepare,2
60b7b8126c0c4524e913236e,Sensory Appeal,i choose foods for their taste,2
60b7b8126c0c4524e913236e,Natural Content,i choose foods for ecologicalsustainability reasons,2
60b7b8126c0c4524e913236e,Ethical Concern,i choose foods for ethical or religious reasons,1
60b7b8126c0c4524e913236e,Familiarity,i choose foods that are familiartraditional,2
60b7b8126c0c4524e913236e,Price,i choose foods based on price,4
60b7b8126c0c4524e913236e,Mood,i choose foods that improve my mood,3
5c4d87576aeb5d00010184f8,Health,i choose foods because they keep me healthy,3
5c4d87576aeb5d00010184f8,Weight Control,i choose foods that help me control my weight,3
5c4d87576aeb5d00010184f8,Convenience,i choose foods that are convenient to prepare,2
5c4d87576aeb5d00010184f8,Sensory Appeal,i choose foods for their taste,3
5c4d87576aeb5d00010184f8,Natural Content,i choose foods for ecologicalsustainability reasons,1
5c4d87576aeb5d00010184f8,Ethical Concern,i choose foods for ethical or religious reasons,1
5c4d87576aeb5d00010184f8,Familiarity,i choose foods that are familiartraditional,3
5c4d87576aeb5d00010184f8,Price,i choose foods based on price,3
5c4d87576aeb5d00010184f8,Mood,i choose foods that improve my mood,2
5daec9633990ed0014564662,Health,i choose foods because they keep me healthy,3
5daec9633990ed0014564662,Weight Control,i choose foods that help me control my weight,2
5daec9633990ed0014564662,Convenience,i choose foods that are convenient to prepare,2
5daec9633990ed0014564662,Sensory Appeal,i choose foods for their taste,4
5daec9633990ed0014564662,Natural Content,i choose foods for ecologicalsustainability reasons,2
5daec9633990ed0014564662,Ethical Concern,i choose foods for ethical or religious reasons,1
5daec9633990ed0014564662,Familiarity,i choose foods that are familiartraditional,1
5daec9633990ed0014564662,Price,i choose foods based on price,3
5daec9633990ed0014564662,Mood,i choose foods that improve my mood,3
6751acc5dc78128951a34f1f,Health,i choose foods because they keep me healthy,3
6751acc5dc78128951a34f1f,Weight Control,i choose foods that help me control my weight,3
6751acc5dc78128951a34f1f,Convenience,i choose foods that are convenient to prepare,2
6751acc5dc78128951a34f1f,Sensory Appeal,i choose foods for their taste,4
6751acc5dc78128951a34f1f,Natural Content,i choose foods for ecologicalsustainability reasons,2
6751acc5dc78128951a34f1f,Ethical Concern,i choose foods for ethical or religious reasons,1
6751acc5dc78128951a34f1f,Familiarity,i choose foods that are familiartraditional,3
6751acc5dc78128951a34f1f,Price,i choose foods based on price,2
6751acc5dc78128951a34f1f,Mood,i choose foods that improve my mood,3
66019f5e10adbe524f2a844a,Health,i choose foods because they keep me healthy,2
66019f5e10adbe524f2a844a,Weight Control,i choose foods that help me control my weight,2
66019f5e10adbe524f2a844a,Convenience,i choose foods that are convenient to prepare,3
66019f5e10adbe524f2a844a,Sensory Appeal,i choose foods for their taste,4
66019f5e10adbe524f2a844a,Natural Content,i choose foods for ecologicalsustainability reasons,2
66019f5e10adbe524f2a844a,Ethical Concern,i choose foods for ethical or religious reasons,1
66019f5e10adbe524f2a844a,Familiarity,i choose foods that are familiartraditional,3
66019f5e10adbe524f2a844a,Price,i choose foods based on price,3
66019f5e10adbe524f2a844a,Mood,i choose foods that improve my mood,2
5de3d4fc1d61c93cd498bb92,Health,i choose foods because they keep me healthy,3
5de3d4fc1d61c93cd498bb92,Weight Control,i choose foods that help me control my weight,2
5de3d4fc1d61c93cd498bb92,Convenience,i choose foods that are convenient to prepare,2
5de3d4fc1d61c93cd498bb92,Sensory Appeal,i choose foods for their taste,4
5de3d4fc1d61c93cd498bb92,Natural Content,i choose foods for ecologicalsustainability reasons,1
5de3d4fc1d61c93cd498bb92,Ethical Concern,i choose foods for ethical or religious reasons,1
5de3d4fc1d61c93cd498bb92,Familiarity,i choose foods that are familiartraditional,3
5de3d4fc1d61c93cd498bb92,Price,i choose foods based on price,3
5de3d4fc1d61c93cd498bb92,Mood,i choose foods that improve my mood,2
6932f9f49a7da5a6c653189c,Health,i choose foods because they keep me healthy,3
6932f9f49a7da5a6c653189c,Weight Control,i choose foods that help me control my weight,3
6932f9f49a7da5a6c653189c,Convenience,i choose foods that are convenient to prepare,2
6932f9f49a7da5a6c653189c,Sensory Appeal,i choose foods for their taste,3
6932f9f49a7da5a6c653189c,Natural Content,i choose foods for ecologicalsustainability reasons,2
6932f9f49a7da5a6c653189c,Ethical Concern,i choose foods for ethical or religious reasons,2
6932f9f49a7da5a6c653189c,Familiarity,i choose foods that are familiartraditional,1
6932f9f49a7da5a6c653189c,Price,i choose foods based on price,2
6932f9f49a7da5a6c653189c,Mood,i choose foods that improve my mood,2
5cfde288bab656000198b943,Health,i choose foods because they keep me healthy,3
5cfde288bab656000198b943,Weight Control,i choose foods that help me control my weight,1
5cfde288bab656000198b943,Convenience,i choose foods that are convenient to prepare,2
5cfde288bab656000198b943,Sensory Appeal,i choose foods for their taste,4
5cfde288bab656000198b943,Natural Content,i choose foods for ecologicalsustainability reasons,3
5cfde288bab656000198b943,Ethical Concern,i choose foods for ethical or religious reasons,1
5cfde288bab656000198b943,Familiarity,i choose foods that are familiartraditional,2
5cfde288bab656000198b943,Price,i choose foods based on price,2
5cfde288bab656000198b943,Mood,i choose foods that improve my mood,2
66af7ed56686510c31dbaff2,Health,i choose foods because they keep me healthy,4
66af7ed56686510c31dbaff2,Weight Control,i choose foods that help me control my weight,2
66af7ed56686510c31dbaff2,Convenience,i choose foods that are convenient to prepare,3
66af7ed56686510c31dbaff2,Sensory Appeal,i choose foods for their taste,4
66af7ed56686510c31dbaff2,Natural Content,i choose foods for ecologicalsustainability reasons,2
66af7ed56686510c31dbaff2,Ethical Concern,i choose foods for ethical or religious reasons,2
66af7ed56686510c31dbaff2,Familiarity,i choose foods that are familiartraditional,3
66af7ed56686510c31dbaff2,Price,i choose foods based on price,2
66af7ed56686510c31dbaff2,Mood,i choose foods that improve my mood,2
6730f965beb7513190d2be93,Health,i choose foods because they keep me healthy,2
6730f965beb7513190d2be93,Weight Control,i choose foods that help me control my weight,2
6730f965beb7513190d2be93,Convenience,i choose foods that are convenient to prepare,1
6730f965beb7513190d2be93,Sensory Appeal,i choose foods for their taste,3
6730f965beb7513190d2be93,Natural Content,i choose foods for ecologicalsustainability reasons,2
6730f965beb7513190d2be93,Ethical Concern,i choose foods for ethical or religious reasons,1
6730f965beb7513190d2be93,Familiarity,i choose foods that are familiartraditional,1
6730f965beb7513190d2be93,Price,i choose foods based on price,3
6730f965beb7513190d2be93,Mood,i choose foods that improve my mood,1
5e736c9f4e8cdf034bdfa5c3,Health,i choose foods because they keep me healthy,1
5e736c9f4e8cdf034bdfa5c3,Weight Control,i choose foods that help me control my weight,1
5e736c9f4e8cdf034bdfa5c3,Convenience,i choose foods that are convenient to prepare,4
5e736c9f4e8cdf034bdfa5c3,Sensory Appeal,i choose foods for their taste,3
5e736c9f4e8cdf034bdfa5c3,Natural Content,i choose foods for ecologicalsustainability reasons,1
5e736c9f4e8cdf034bdfa5c3,Ethical Concern,i choose foods for ethical or religious reasons,1
5e736c9f4e8cdf034bdfa5c3,Familiarity,i choose foods that are familiartraditional,4
5e736c9f4e8cdf034bdfa5c3,Price,i choose foods based on price,4
5e736c9f4e8cdf034bdfa5c3,Mood,i choose foods that improve my mood,2
60984a1b0cce76d16c4ca781,Health,i choose foods because they keep me healthy,3
60984a1b0cce76d16c4ca781,Weight Control,i choose foods that help me control my weight,2
60984a1b0cce76d16c4ca781,Convenience,i choose foods that are convenient to prepare,2
60984a1b0cce76d16c4ca781,Sensory Appeal,i choose foods for their taste,1
60984a1b0cce76d16c4ca781,Natural Content,i choose foods for ecologicalsustainability reasons,2
60984a1b0cce76d16c4ca781,Ethical Concern,i choose foods for ethical or religious reasons,4
60984a1b0cce76d16c4ca781,Familiarity,i choose foods that are familiartraditional,1
60984a1b0cce76d16c4ca781,Price,i choose foods based on price,2
60984a1b0cce76d16c4ca781,Mood,i choose foods that improve my mood,2
646bd812bf93129feeb5a3dc,Health,i choose foods because they keep me healthy,2
646bd812bf93129feeb5a3dc,Weight Control,i choose foods that help me control my weight,2
646bd812bf93129feeb5a3dc,Convenience,i choose foods that are convenient to prepare,3
646bd812bf93129feeb5a3dc,Sensory Appeal,i choose foods for their taste,4
646bd812bf93129feeb5a3dc,Natural Content,i choose foods for ecologicalsustainability reasons,1
646bd812bf93129feeb5a3dc,Ethical Concern,i choose foods for ethical or religious reasons,2
646bd812bf93129feeb5a3dc,Familiarity,i choose foods that are familiartraditional,4
646bd812bf93129feeb5a3dc,Price,i choose foods based on price,4
646bd812bf93129feeb5a3dc,Mood,i choose foods that improve my mood,3
605f856a958ba27c0300c200,Health,i choose foods because they keep me healthy,4
605f856a958ba27c0300c200,Weight Control,i choose foods that help me control my weight,2
605f856a958ba27c0300c200,Convenience,i choose foods that are convenient to prepare,2
605f856a958ba27c0300c200,Sensory Appeal,i choose foods for their taste,3
605f856a958ba27c0300c200,Natural Content,i choose foods for ecologicalsustainability reasons,3
605f856a958ba27c0300c200,Ethical Concern,i choose foods for ethical or religious reasons,3
605f856a958ba27c0300c200,Familiarity,i choose foods that are familiartraditional,2
605f856a958ba27c0300c200,Price,i choose foods based on price,2
605f856a958ba27c0300c200,Mood,i choose foods that improve my mood,1
671038fb26ff82aa6081d040,Health,i choose foods because they keep me healthy,2
671038fb26ff82aa6081d040,Weight Control,i choose foods that help me control my weight,2
671038fb26ff82aa6081d040,Convenience,i choose foods that are convenient to prepare,2
671038fb26ff82aa6081d040,Sensory Appeal,i choose foods for their taste,4
671038fb26ff82aa6081d040,Natural Content,i choose foods for ecologicalsustainability reasons,2
671038fb26ff82aa6081d040,Ethical Concern,i choose foods for ethical or religious reasons,1
671038fb26ff82aa6081d040,Familiarity,i choose foods that are familiartraditional,3
671038fb26ff82aa6081d040,Price,i choose foods based on price,4
671038fb26ff82aa6081d040,Mood,i choose foods that improve my mood,3
5bb7abf3c190e20001e5c2c8,Health,i choose foods because they keep me healthy,4
5bb7abf3c190e20001e5c2c8,Weight Control,i choose foods that help me control my weight,3
5bb7abf3c190e20001e5c2c8,Convenience,i choose foods that are convenient to prepare,2
5bb7abf3c190e20001e5c2c8,Sensory Appeal,i choose foods for their taste,4
5bb7abf3c190e20001e5c2c8,Natural Content,i choose foods for ecologicalsustainability reasons,3
5bb7abf3c190e20001e5c2c8,Ethical Concern,i choose foods for ethical or religious reasons,1
5bb7abf3c190e20001e5c2c8,Familiarity,i choose foods that are familiartraditional,2
5bb7abf3c190e20001e5c2c8,Price,i choose foods based on price,4
5bb7abf3c190e20001e5c2c8,Mood,i choose foods that improve my mood,1
6136cb52db0f1cb2262bbf5d,Health,i choose foods because they keep me healthy,3
6136cb52db0f1cb2262bbf5d,Weight Control,i choose foods that help me control my weight,3
6136cb52db0f1cb2262bbf5d,Convenience,i choose foods that are convenient to prepare,3
6136cb52db0f1cb2262bbf5d,Sensory Appeal,i choose foods for their taste,3
6136cb52db0f1cb2262bbf5d,Natural Content,i choose foods for ecologicalsustainability reasons,1
6136cb52db0f1cb2262bbf5d,Ethical Concern,i choose foods for ethical or religious reasons,2
6136cb52db0f1cb2262bbf5d,Familiarity,i choose foods that are familiartraditional,4
6136cb52db0f1cb2262bbf5d,Price,i choose foods based on price,4
6136cb52db0f1cb2262bbf5d,Mood,i choose foods that improve my mood,4
675b73a2f8ca714cdf307be7,Health,i choose foods because they keep me healthy,4
675b73a2f8ca714cdf307be7,Weight Control,i choose foods that help me control my weight,3
675b73a2f8ca714cdf307be7,Convenience,i choose foods that are convenient to prepare,3
675b73a2f8ca714cdf307be7,Sensory Appeal,i choose foods for their taste,4
675b73a2f8ca714cdf307be7,Natural Content,i choose foods for ecologicalsustainability reasons,3
675b73a2f8ca714cdf307be7,Ethical Concern,i choose foods for ethical or religious reasons,3
675b73a2f8ca714cdf307be7,Familiarity,i choose foods that are familiartraditional,4
675b73a2f8ca714cdf307be7,Price,i choose foods based on price,3
675b73a2f8ca714cdf307be7,Mood,i choose foods that improve my mood,3
60aff9a6354c706f21c27da1,Health,i choose foods because they keep me healthy,4
60aff9a6354c706f21c27da1,Weight Control,i choose foods that help me control my weight,4
60aff9a6354c706f21c27da1,Convenience,i choose foods that are convenient to prepare,4
60aff9a6354c706f21c27da1,Sensory Appeal,i choose foods for their taste,4
60aff9a6354c706f21c27da1,Natural Content,i choose foods for ecologicalsustainability reasons,3
60aff9a6354c706f21c27da1,Ethical Concern,i choose foods for ethical or religious reasons,1
60aff9a6354c706f21c27da1,Familiarity,i choose foods that are familiartraditional,3
60aff9a6354c706f21c27da1,Price,i choose foods based on price,4
60aff9a6354c706f21c27da1,Mood,i choose foods that improve my mood,2
5c0bac19796adb00017dffcf,Health,i choose foods because they keep me healthy,3
5c0bac19796adb00017dffcf,Weight Control,i choose foods that help me control my weight,3
5c0bac19796adb00017dffcf,Convenience,i choose foods that are convenient to prepare,2
5c0bac19796adb00017dffcf,Sensory Appeal,i choose foods for their taste,4
5c0bac19796adb00017dffcf,Natural Content,i choose foods for ecologicalsustainability reasons,2
5c0bac19796adb00017dffcf,Ethical Concern,i choose foods for ethical or religious reasons,2
5c0bac19796adb00017dffcf,Familiarity,i choose foods that are familiartraditional,3
5c0bac19796adb00017dffcf,Price,i choose foods based on price,2
5c0bac19796adb00017dffcf,Mood,i choose foods that improve my mood,3
668d34fe01607b469ec4e668,Health,i choose foods because they keep me healthy,3
668d34fe01607b469ec4e668,Weight Control,i choose foods that help me control my weight,3
668d34fe01607b469ec4e668,Convenience,i choose foods that are convenient to prepare,3
668d34fe01607b469ec4e668,Sensory Appeal,i choose foods for their taste,3
668d34fe01607b469ec4e668,Natural Content,i choose foods for ecologicalsustainability reasons,2
668d34fe01607b469ec4e668,Ethical Concern,i choose foods for ethical or religious reasons,2
668d34fe01607b469ec4e668,Familiarity,i choose foods that are familiartraditional,3
668d34fe01607b469ec4e668,Price,i choose foods based on price,4
668d34fe01607b469ec4e668,Mood,i choose foods that improve my mood,3
5c77e56ad5dd7600016c00d3,Health,i choose foods because they keep me healthy,1
5c77e56ad5dd7600016c00d3,Weight Control,i choose foods that help me control my weight,2
5c77e56ad5dd7600016c00d3,Convenience,i choose foods that are convenient to prepare,2
5c77e56ad5dd7600016c00d3,Sensory Appeal,i choose foods for their taste,4
5c77e56ad5dd7600016c00d3,Natural Content,i choose foods for ecologicalsustainability reasons,4
5c77e56ad5dd7600016c00d3,Ethical Concern,i choose foods for ethical or religious reasons,1
5c77e56ad5dd7600016c00d3,Familiarity,i choose foods that are familiartraditional,4
5c77e56ad5dd7600016c00d3,Price,i choose foods based on price,3
5c77e56ad5dd7600016c00d3,Mood,i choose foods that improve my mood,3
588cbd070288bf0001ddc81d,Health,i choose foods because they keep me healthy,3
588cbd070288bf0001ddc81d,Weight Control,i choose foods that help me control my weight,3
588cbd070288bf0001ddc81d,Convenience,i choose foods that are convenient to prepare,3
588cbd070288bf0001ddc81d,Sensory Appeal,i choose foods for their taste,4
588cbd070288bf0001ddc81d,Natural Content,i choose foods for ecologicalsustainability reasons,2
588cbd070288bf0001ddc81d,Ethical Concern,i choose foods for ethical or religious reasons,1
588cbd070288bf0001ddc81d,Familiarity,i choose foods that are familiartraditional,3
588cbd070288bf0001ddc81d,Price,i choose foods based on price,4
588cbd070288bf0001ddc81d,Mood,i choose foods that improve my mood,4
6229dc51dff340226697778e,Health,i choose foods because they keep me healthy,1
6229dc51dff340226697778e,Weight Control,i choose foods that help me control my weight,2
6229dc51dff340226697778e,Convenience,i choose foods that are convenient to prepare,2
6229dc51dff340226697778e,Sensory Appeal,i choose foods for their taste,3
6229dc51dff340226697778e,Natural Content,i choose foods for ecologicalsustainability reasons,1
6229dc51dff340226697778e,Ethical Concern,i choose foods for ethical or religious reasons,1
6229dc51dff340226697778e,Familiarity,i choose foods that are familiartraditional,2
6229dc51dff340226697778e,Price,i choose foods based on price,3
6229dc51dff340226697778e,Mood,i choose foods that improve my mood,1
66c899b1030e66c3354849f0,Health,i choose foods because they keep me healthy,4
66c899b1030e66c3354849f0,Weight Control,i choose foods that help me control my weight,4
66c899b1030e66c3354849f0,Convenience,i choose foods that are convenient to prepare,3
66c899b1030e66c3354849f0,Sensory Appeal,i choose foods for their taste,3
66c899b1030e66c3354849f0,Natural Content,i choose foods for ecologicalsustainability reasons,2
66c899b1030e66c3354849f0,Ethical Concern,i choose foods for ethical or religious reasons,1
66c899b1030e66c3354849f0,Familiarity,i choose foods that are familiartraditional,2
66c899b1030e66c3354849f0,Price,i choose foods based on price,3
66c899b1030e66c3354849f0,Mood,i choose foods that improve my mood,4
663127d07fb81f5532bcfdad,Health,i choose foods because they keep me healthy,3
663127d07fb81f5532bcfdad,Weight Control,i choose foods that help me control my weight,3
663127d07fb81f5532bcfdad,Convenience,i choose foods that are convenient to prepare,2
663127d07fb81f5532bcfdad,Sensory Appeal,i choose foods for their taste,3
663127d07fb81f5532bcfdad,Natural Content,i choose foods for ecologicalsustainability reasons,2
663127d07fb81f5532bcfdad,Ethical Concern,i choose foods for ethical or religious reasons,1
663127d07fb81f5532bcfdad,Familiarity,i choose foods that are familiartraditional,2
663127d07fb81f5532bcfdad,Price,i choose foods based on price,2
663127d07fb81f5532bcfdad,Mood,i choose foods that improve my mood,2
5d8e154af2858200171fdb95,Health,i choose foods because they keep me healthy,3
5d8e154af2858200171fdb95,Weight Control,i choose foods that help me control my weight,2
5d8e154af2858200171fdb95,Convenience,i choose foods that are convenient to prepare,3
5d8e154af2858200171fdb95,Sensory Appeal,i choose foods for their taste,4
5d8e154af2858200171fdb95,Natural Content,i choose foods for ecologicalsustainability reasons,3
5d8e154af2858200171fdb95,Ethical Concern,i choose foods for ethical or religious reasons,1
5d8e154af2858200171fdb95,Familiarity,i choose foods that are familiartraditional,1
5d8e154af2858200171fdb95,Price,i choose foods based on price,2
5d8e154af2858200171fdb95,Mood,i choose foods that improve my mood,3
5d68c8aa40524c00189e8ac2,Health,i choose foods because they keep me healthy,4
5d68c8aa40524c00189e8ac2,Weight Control,i choose foods that help me control my weight,2
5d68c8aa40524c00189e8ac2,Convenience,i choose foods that are convenient to prepare,4
5d68c8aa40524c00189e8ac2,Sensory Appeal,i choose foods for their taste,2
5d68c8aa40524c00189e8ac2,Natural Content,i choose foods for ecologicalsustainability reasons,2
5d68c8aa40524c00189e8ac2,Ethical Concern,i choose foods for ethical or religious reasons,1
5d68c8aa40524c00189e8ac2,Familiarity,i choose foods that are familiartraditional,2
5d68c8aa40524c00189e8ac2,Price,i choose foods based on price,4
5d68c8aa40524c00189e8ac2,Mood,i choose foods that improve my mood,1
6973787904f12ab3625246d4,Health,i choose foods because they keep me healthy,Not very important
6973787904f12ab3625246d4,Weight Control,i choose foods that help me control my weight,Not very important
6973787904f12ab3625246d4,Convenience,i choose foods that are convenient to prepare,3
6973787904f12ab3625246d4,Sensory Appeal,i choose foods for their taste,4
6973787904f12ab3625246d4,Natural Content,i choose foods for ecologicalsustainability reasons,Not at all important
6973787904f12ab3625246d4,Ethical Concern,i choose foods for ethical or religious reasons,Not at all important
6973787904f12ab3625246d4,Familiarity,i choose foods that are familiartraditional,3
6973787904f12ab3625246d4,Price,i choose foods based on price,4
6973787904f12ab3625246d4,Mood,i choose foods that improve my mood,4
6957fb3285723e36cb27fbac,Health,i choose foods because they keep me healthy,3
6957fb3285723e36cb27fbac,Weight Control,i choose foods that help me control my weight,2
6957fb3285723e36cb27fbac,Convenience,i choose foods that are convenient to prepare,3
6957fb3285723e36cb27fbac,Sensory Appeal,i choose foods for their taste,4
6957fb3285723e36cb27fbac,Natural Content,i choose foods for ecologicalsustainability reasons,2
6957fb3285723e36cb27fbac,Ethical Concern,i choose foods for ethical or religious reasons,2
6957fb3285723e36cb27fbac,Familiarity,i choose foods that are familiartraditional,3
6957fb3285723e36cb27fbac,Price,i choose foods based on price,3
6957fb3285723e36cb27fbac,Mood,i choose foods that improve my mood,4
66d1fdd400acfdbc181f41e0,Health,i choose foods because they keep me healthy,3
66d1fdd400acfdbc181f41e0,Weight Control,i choose foods that help me control my weight,3
66d1fdd400acfdbc181f41e0,Convenience,i choose foods that are convenient to prepare,1
66d1fdd400acfdbc181f41e0,Sensory Appeal,i choose foods for their taste,3
66d1fdd400acfdbc181f41e0,Natural Content,i choose foods for ecologicalsustainability reasons,2
66d1fdd400acfdbc181f41e0,Ethical Concern,i choose foods for ethical or religious reasons,1
66d1fdd400acfdbc181f41e0,Familiarity,i choose foods that are familiartraditional,2
66d1fdd400acfdbc181f41e0,Price,i choose foods based on price,2
66d1fdd400acfdbc181f41e0,Mood,i choose foods that improve my mood,1
60eb397be9b7668b4eb18a07,Health,i choose foods because they keep me healthy,2
60eb397be9b7668b4eb18a07,Weight Control,i choose foods that help me control my weight,3
60eb397be9b7668b4eb18a07,Convenience,i choose foods that are convenient to prepare,1
60eb397be9b7668b4eb18a07,Sensory Appeal,i choose foods for their taste,3
60eb397be9b7668b4eb18a07,Natural Content,i choose foods for ecologicalsustainability reasons,2
60eb397be9b7668b4eb18a07,Ethical Concern,i choose foods for ethical or religious reasons,1
60eb397be9b7668b4eb18a07,Familiarity,i choose foods that are familiartraditional,3
60eb397be9b7668b4eb18a07,Price,i choose foods based on price,2
60eb397be9b7668b4eb18a07,Mood,i choose foods that improve my mood,1
6112cf0b9c1cf4219c5c2675,Health,i choose foods because they keep me healthy,3
6112cf0b9c1cf4219c5c2675,Weight Control,i choose foods that help me control my weight,2
6112cf0b9c1cf4219c5c2675,Convenience,i choose foods that are convenient to prepare,3
6112cf0b9c1cf4219c5c2675,Sensory Appeal,i choose foods for their taste,3
6112cf0b9c1cf4219c5c2675,Natural Content,i choose foods for ecologicalsustainability reasons,2
6112cf0b9c1cf4219c5c2675,Ethical Concern,i choose foods for ethical or religious reasons,1
6112cf0b9c1cf4219c5c2675,Familiarity,i choose foods that are familiartraditional,2
6112cf0b9c1cf4219c5c2675,Price,i choose foods based on price,3
6112cf0b9c1cf4219c5c2675,Mood,i choose foods that improve my mood,2
generated-e5b85dbd-46f7-4bd0-a3c0-677120b25e4d,Health,i choose foods because they keep me healthy,3
generated-e5b85dbd-46f7-4bd0-a3c0-677120b25e4d,Weight Control,i choose foods that help me control my weight,3
generated-e5b85dbd-46f7-4bd0-a3c0-677120b25e4d,Convenience,i choose foods that are convenient to prepare,4
generated-e5b85dbd-46f7-4bd0-a3c0-677120b25e4d,Sensory Appeal,i choose foods for their taste,4
generated-e5b85dbd-46f7-4bd0-a3c0-677120b25e4d,Natural Content,i choose foods for ecologicalsustainability reasons,1
generated-e5b85dbd-46f7-4bd0-a3c0-677120b25e4d,Ethical Concern,i choose foods for ethical or religious reasons,1
generated-e5b85dbd-46f7-4bd0-a3c0-677120b25e4d,Familiarity,i choose foods that are familiartraditional,4
generated-e5b85dbd-46f7-4bd0-a3c0-677120b25e4d,Price,i choose foods based on price,2
generated-e5b85dbd-46f7-4bd0-a3c0-677120b25e4d,Mood,i choose foods that improve my mood,2
67f864f1b7ea815cc3583637,Health,i choose foods because they keep me healthy,4
67f864f1b7ea815cc3583637,Weight Control,i choose foods that help me control my weight,4
67f864f1b7ea815cc3583637,Convenience,i choose foods that are convenient to prepare,3
67f864f1b7ea815cc3583637,Sensory Appeal,i choose foods for their taste,3
67f864f1b7ea815cc3583637,Natural Content,i choose foods for ecologicalsustainability reasons,3
67f864f1b7ea815cc3583637,Ethical Concern,i choose foods for ethical or religious reasons,3
67f864f1b7ea815cc3583637,Familiarity,i choose foods that are familiartraditional,3
67f864f1b7ea815cc3583637,Price,i choose foods based on price,3
67f864f1b7ea815cc3583637,Mood,i choose foods that improve my mood,3
5f1088e27a43fe0c64ca5814,Health,i choose foods because they keep me healthy,3
5f1088e27a43fe0c64ca5814,Weight Control,i choose foods that help me control my weight,3
5f1088e27a43fe0c64ca5814,Convenience,i choose foods that are convenient to prepare,2
5f1088e27a43fe0c64ca5814,Sensory Appeal,i choose foods for their taste,3
5f1088e27a43fe0c64ca5814,Natural Content,i choose foods for ecologicalsustainability reasons,2
5f1088e27a43fe0c64ca5814,Ethical Concern,i choose foods for ethical or religious reasons,1
5f1088e27a43fe0c64ca5814,Familiarity,i choose foods that are familiartraditional,2
5f1088e27a43fe0c64ca5814,Price,i choose foods based on price,2
5f1088e27a43fe0c64ca5814,Mood,i choose foods that improve my mood,2
66758888b7b775b5c2d18658,Health,i choose foods because they keep me healthy,4
66758888b7b775b5c2d18658,Weight Control,i choose foods that help me control my weight,3
66758888b7b775b5c2d18658,Convenience,i choose foods that are convenient to prepare,3
66758888b7b775b5c2d18658,Sensory Appeal,i choose foods for their taste,4
66758888b7b775b5c2d18658,Natural Content,i choose foods for ecologicalsustainability reasons,4
66758888b7b775b5c2d18658,Ethical Concern,i choose foods for ethical or religious reasons,3
66758888b7b775b5c2d18658,Familiarity,i choose foods that are familiartraditional,2
66758888b7b775b5c2d18658,Price,i choose foods based on price,3
66758888b7b775b5c2d18658,Mood,i choose foods that improve my mood,3
6927796cb19889d2ee0288ab,Health,i choose foods because they keep me healthy,3
6927796cb19889d2ee0288ab,Weight Control,i choose foods that help me control my weight,2
6927796cb19889d2ee0288ab,Convenience,i choose foods that are convenient to prepare,2
6927796cb19889d2ee0288ab,Sensory Appeal,i choose foods for their taste,3
6927796cb19889d2ee0288ab,Natural Content,i choose foods for ecologicalsustainability reasons,2
6927796cb19889d2ee0288ab,Ethical Concern,i choose foods for ethical or religious reasons,2
6927796cb19889d2ee0288ab,Familiarity,i choose foods that are familiartraditional,2
6927796cb19889d2ee0288ab,Price,i choose foods based on price,2
6927796cb19889d2ee0288ab,Mood,i choose foods that improve my mood,2
6966794bfea4f5bad847be14,Health,i choose foods because they keep me healthy,2
6966794bfea4f5bad847be14,Weight Control,i choose foods that help me control my weight,2
6966794bfea4f5bad847be14,Convenience,i choose foods that are convenient to prepare,4
6966794bfea4f5bad847be14,Sensory Appeal,i choose foods for their taste,4
6966794bfea4f5bad847be14,Natural Content,i choose foods for ecologicalsustainability reasons,1
6966794bfea4f5bad847be14,Ethical Concern,i choose foods for ethical or religious reasons,1
6966794bfea4f5bad847be14,Familiarity,i choose foods that are familiartraditional,3
6966794bfea4f5bad847be14,Price,i choose foods based on price,3
6966794bfea4f5bad847be14,Mood,i choose foods that improve my mood,3
58106d17a513590001b1ec9e,Health,i choose foods because they keep me healthy,3
58106d17a513590001b1ec9e,Weight Control,i choose foods that help me control my weight,1
58106d17a513590001b1ec9e,Convenience,i choose foods that are convenient to prepare,2
58106d17a513590001b1ec9e,Sensory Appeal,i choose foods for their taste,4
58106d17a513590001b1ec9e,Natural Content,i choose foods for ecologicalsustainability reasons,2
58106d17a513590001b1ec9e,Ethical Concern,i choose foods for ethical or religious reasons,1
58106d17a513590001b1ec9e,Familiarity,i choose foods that are familiartraditional,4
58106d17a513590001b1ec9e,Price,i choose foods based on price,2
58106d17a513590001b1ec9e,Mood,i choose foods that improve my mood,3
615d8873c11a1982c8838b54,Health,i choose foods because they keep me healthy,3
615d8873c11a1982c8838b54,Weight Control,i choose foods that help me control my weight,2
615d8873c11a1982c8838b54,Convenience,i choose foods that are convenient to prepare,3
615d8873c11a1982c8838b54,Sensory Appeal,i choose foods for their taste,4
615d8873c11a1982c8838b54,Natural Content,i choose foods for ecologicalsustainability reasons,3
615d8873c11a1982c8838b54,Ethical Concern,i choose foods for ethical or religious reasons,1
615d8873c11a1982c8838b54,Familiarity,i choose foods that are familiartraditional,3
615d8873c11a1982c8838b54,Price,i choose foods based on price,3
615d8873c11a1982c8838b54,Mood,i choose foods that improve my mood,3
5cae3bdf3f4c8f0017ef8902,Health,i choose foods because they keep me healthy,2
5cae3bdf3f4c8f0017ef8902,Weight Control,i choose foods that help me control my weight,1
5cae3bdf3f4c8f0017ef8902,Convenience,i choose foods that are convenient to prepare,4
5cae3bdf3f4c8f0017ef8902,Sensory Appeal,i choose foods for their taste,3
5cae3bdf3f4c8f0017ef8902,Natural Content,i choose foods for ecologicalsustainability reasons,2
5cae3bdf3f4c8f0017ef8902,Ethical Concern,i choose foods for ethical or religious reasons,4
5cae3bdf3f4c8f0017ef8902,Familiarity,i choose foods that are familiartraditional,1
5cae3bdf3f4c8f0017ef8902,Price,i choose foods based on price,3
5cae3bdf3f4c8f0017ef8902,Mood,i choose foods that improve my mood,2
66c764bb87f9e57e31bb6901,Health,i choose foods because they keep me healthy,3
66c764bb87f9e57e31bb6901,Weight Control,i choose foods that help me control my weight,1
66c764bb87f9e57e31bb6901,Convenience,i choose foods that are convenient to prepare,1
66c764bb87f9e57e31bb6901,Sensory Appeal,i choose foods for their taste,4
66c764bb87f9e57e31bb6901,Natural Content,i choose foods for ecologicalsustainability reasons,3
66c764bb87f9e57e31bb6901,Ethical Concern,i choose foods for ethical or religious reasons,1
66c764bb87f9e57e31bb6901,Familiarity,i choose foods that are familiartraditional,2
66c764bb87f9e57e31bb6901,Price,i choose foods based on price,2
66c764bb87f9e57e31bb6901,Mood,i choose foods that improve my mood,1
6929cf1f205ef4e036637910,Health,i choose foods because they keep me healthy,3
6929cf1f205ef4e036637910,Weight Control,i choose foods that help me control my weight,3
6929cf1f205ef4e036637910,Convenience,i choose foods that are convenient to prepare,3
6929cf1f205ef4e036637910,Sensory Appeal,i choose foods for their taste,4
6929cf1f205ef4e036637910,Natural Content,i choose foods for ecologicalsustainability reasons,2
6929cf1f205ef4e036637910,Ethical Concern,i choose foods for ethical or religious reasons,1
6929cf1f205ef4e036637910,Familiarity,i choose foods that are familiartraditional,2
6929cf1f205ef4e036637910,Price,i choose foods based on price,3
6929cf1f205ef4e036637910,Mood,i choose foods that improve my mood,3
5ce2f6723f8060000109feab,Health,i choose foods because they keep me healthy,3
5ce2f6723f8060000109feab,Weight Control,i choose foods that help me control my weight,2
5ce2f6723f8060000109feab,Convenience,i choose foods that are convenient to prepare,2
5ce2f6723f8060000109feab,Sensory Appeal,i choose foods for their taste,4
5ce2f6723f8060000109feab,Natural Content,i choose foods for ecologicalsustainability reasons,3
5ce2f6723f8060000109feab,Ethical Concern,i choose foods for ethical or religious reasons,1
5ce2f6723f8060000109feab,Familiarity,i choose foods that are familiartraditional,1
5ce2f6723f8060000109feab,Price,i choose foods based on price,3
5ce2f6723f8060000109feab,Mood,i choose foods that improve my mood,2
5c1021a547d07800011a23de,Health,i choose foods because they keep me healthy,3
5c1021a547d07800011a23de,Weight Control,i choose foods that help me control my weight,3
5c1021a547d07800011a23de,Convenience,i choose foods that are convenient to prepare,4
5c1021a547d07800011a23de,Sensory Appeal,i choose foods for their taste,4
5c1021a547d07800011a23de,Natural Content,i choose foods for ecologicalsustainability reasons,1
5c1021a547d07800011a23de,Ethical Concern,i choose foods for ethical or religious reasons,1
5c1021a547d07800011a23de,Familiarity,i choose foods that are familiartraditional,2
5c1021a547d07800011a23de,Price,i choose foods based on price,2
5c1021a547d07800011a23de,Mood,i choose foods that improve my mood,1
5fdcccb40c041e2aaf45eae1,Health,i choose foods because they keep me healthy,3
5fdcccb40c041e2aaf45eae1,Weight Control,i choose foods that help me control my weight,4
5fdcccb40c041e2aaf45eae1,Convenience,i choose foods that are convenient to prepare,3
5fdcccb40c041e2aaf45eae1,Sensory Appeal,i choose foods for their taste,4
5fdcccb40c041e2aaf45eae1,Natural Content,i choose foods for ecologicalsustainability reasons,2
5fdcccb40c041e2aaf45eae1,Ethical Concern,i choose foods for ethical or religious reasons,1
5fdcccb40c041e2aaf45eae1,Familiarity,i choose foods that are familiartraditional,3
5fdcccb40c041e2aaf45eae1,Price,i choose foods based on price,3
5fdcccb40c041e2aaf45eae1,Mood,i choose foods that improve my mood,4
66e0c0a1fab28ce6352ae19c,Health,i choose foods because they keep me healthy,2
66e0c0a1fab28ce6352ae19c,Weight Control,i choose foods that help me control my weight,1
66e0c0a1fab28ce6352ae19c,Convenience,i choose foods that are convenient to prepare,3
66e0c0a1fab28ce6352ae19c,Sensory Appeal,i choose foods for their taste,4
66e0c0a1fab28ce6352ae19c,Natural Content,i choose foods for ecologicalsustainability reasons,1
66e0c0a1fab28ce6352ae19c,Ethical Concern,i choose foods for ethical or religious reasons,1
66e0c0a1fab28ce6352ae19c,Familiarity,i choose foods that are familiartraditional,4
66e0c0a1fab28ce6352ae19c,Price,i choose foods based on price,3
66e0c0a1fab28ce6352ae19c,Mood,i choose foods that improve my mood,3
